0.0024744332768023014,0.00012261232768651098,0.0032382304780185223,0.0003241815429646522,0.000943586986977607,0.000571864249650389,0.0012027904158458114,0.0058635869063436985
0.00011955525405937806,0.0,0.003800967475399375,0.0,0.13018421828746796,0.0,0.0,0.0
0.014433186501264572,0.0,0.0036403348203748465,0.0,0.13287591934204102,0.0,0.0,0.0
0.055780477821826935,7.784087210893631e-05,0.0,0.0,0.17391464114189148,0.0,0.00024013446818571538,0.0
0.02984897792339325,0.0,0.009212171658873558,0.0,0.1277521550655365,0.0,0.0,0.0
0.024859845638275146,1.0431319424242247e-05,0.006581450346857309,0.0,0.12854339182376862,0.0,0.0,0.0
0.009556392207741737,4.9391408538213e-05,0.010856667533516884,0.0,0.20749501883983612,0.0,0.0,0.0
0.024540623649954796,0.0,0.008371653966605663,0.0,0.06737799942493439,0.0,0.0,0.0
0.016815554350614548,1.2027085176669061e-05,0.0,0.0,0.19777792692184448,0.0,0.0,0.0
0.005350454710423946,0.00010648270108504221,0.0,0.0003390405036043376,0.20580774545669556,0.0,0.0,0.0
0.002207505516707897,0.0003485800407361239,0.0,0.0,0.23962533473968506,0.0,0.0,0.0
0.03851589933037758,0.0005106643075123429,0.0,0.010977504774928093,0.23979511857032776,0.0,0.00022024814097676426,0.00028390943771228194
0.03425910696387291,0.0,0.0,0.0,0.263511598110199,0.0,0.019179189577698708,0.0010784313781186938
0.04205774888396263,6.409756315406412e-05,0.0,0.0,0.333368182182312,0.0,0.028991075232625008,0.018316373229026794
0.026738254353404045,0.00017428857972845435,0.0,0.010543973185122013,0.20996461808681488,0.0,0.004150812979787588,0.007411713246256113
0.03143775463104248,0.00014728964015375823,0.0,0.0,0.3999707102775574,0.0,0.004035441670566797,0.018290629610419273
0.051342468708753586,0.0007531275041401386,0.0,0.0,0.4904433786869049,0.0,0.00554694514721632,0.037898048758506775
0.05835814028978348,0.00012127952504670247,0.0,0.0,0.34039026498794556,0.0,0.0033376123756170273,0.00813092477619648
0.06018992140889168,2.9638849809998646e-05,0.0,0.0,0.2135336846113205,0.0,0.017576685175299644,0.005381419789046049
0.06934871524572372,0.0,0.027164071798324585,0.002479851245880127,0.2703970968723297,0.0,0.19133436679840088,0.01911352202296257
0.10090191662311554,1.525017864878464e-06,0.010445299558341503,0.06969990581274033,0.31480270624160767,0.0,0.008013640530407429,0.02134614624083042
0.12523701786994934,0.0,0.026220720261335373,0.0007634753128513694,0.12624935805797577,0.0,0.003541532438248396,0.0043907794170081615
0.1490931212902069,7.085834658937529e-05,0.06802500039339066,0.0,0.5054784417152405,0.0,0.02636258490383625,0.04275079071521759
0.04340101405978203,0.0,0.04445419833064079,0.0,0.35470300912857056,0.0,0.08027592301368713,0.014099190942943096
0.020487263798713684,0.00013818124716635793,0.05154639109969139,0.0,0.5420919060707092,0.0,0.023079441860318184,0.016000228002667427
0.05538221448659897,0.0,0.03228209540247917,0.0007291287183761597,0.39587509632110596,0.0,0.0556676872074604,0.010451074689626694
0.16808632016181946,0.000685902894474566,0.07568753510713577,0.0,0.1601840704679489,0.0,0.11463754624128342,0.015963897109031677
0.061314839869737625,0.0004673202056437731,0.029750756919384003,0.00028481913614086807,0.3998773694038391,0.0,0.09433379769325256,0.007601301185786724
0.08127349615097046,1.577077455294784e-05,0.06483202427625656,0.011526146903634071,0.4093639552593231,0.0,0.061535000801086426,0.022188475355505943
0.28707432746887207,2.0754361685249023e-05,0.00812861230224371,0.049201611429452896,0.2971922755241394,0.0,0.05120105296373367,0.04115523397922516
0.140625,8.431836613453925e-05,0.004731487948447466,0.015570436604321003,0.380889892578125,0.0,0.145604208111763,0.0229449775069952
0.2002456933259964,0.00042284897062927485,0.0,0.046756498515605927,0.4731791019439697,0.0,0.09370894730091095,0.02772291749715805
0.10522742569446564,0.0005564414313994348,0.010118871927261353,0.04093645513057709,0.3391862213611603,0.0,0.03840149939060211,0.017099253833293915
0.16704805195331573,1.5067786307554343e-06,0.013810897246003151,0.02459813468158245,0.16707953810691833,0.0,0.024475881829857826,0.012759503908455372
0.1699422001838684,9.108754056796897e-06,0.05940047651529312,0.046646684408187866,0.316925048828125,0.0,0.04366591200232506,0.005715840961784124
0.15609528124332428,0.00021113036200404167,0.03443169221282005,0.03521670773625374,0.41740140318870544,0.0,0.07310666143894196,0.02719448320567608
0.13007467985153198,0.0,0.03664388507604599,0.009426990523934364,0.49237215518951416,0.0,0.08086276054382324,0.03268146142363548
0.1702212244272232,3.4346165193710476e-05,0.0379146933555603,0.05332275852560997,0.2869124114513397,0.0,0.07329138368368149,0.020468423143029213
0.19754600524902344,0.0003729948657564819,0.034231431782245636,0.0983654037117958,0.41116225719451904,0.0,0.0832817405462265,0.04032177850604057
0.2972486615180969,0.0,0.09613688290119171,0.00902683287858963,0.4194970428943634,0.0,0.10940368473529816,0.029989996924996376
0.16562072932720184,0.00015855063975322992,0.11593204736709595,0.036410409957170486,0.5694355964660645,0.0,0.1373450756072998,0.04653357341885567
0.23693491518497467,0.00019649816385935992,0.131633460521698,0.028768913820385933,0.4675252437591553,0.0,0.1441202461719513,0.0354778915643692
0.27151936292648315,4.3224485125392675e-05,0.1305469125509262,0.009706595912575722,0.4622706472873688,0.0,0.09633735567331314,0.046483878046274185
0.1996474266052246,0.0,0.22115010023117065,0.0,0.3978557586669922,0.0,0.05788584426045418,0.032565563917160034
0.21760964393615723,0.0006319319363683462,0.1637217402458191,0.003097719047218561,0.15355521440505981,0.0,0.04589802399277687,0.017880147323012352
0.08979160338640213,0.0004354272095952183,0.13855993747711182,0.0005878894589841366,0.49566811323165894,0.012681637890636921,0.14540396630764008,0.030914491042494774
0.11157667636871338,0.0,0.05354765057563782,0.0036472149658948183,0.39797383546829224,0.0,0.06896711140871048,0.050144389271736145
0.15908056497573853,0.00011048140004277229,0.11967994272708893,0.020971866324543953,0.2674188017845154,0.0062773446552455425,0.026714235544204712,0.012662929482758045
0.22025509178638458,0.00021310812735464424,0.0,0.05559057742357254,0.39104577898979187,0.008611636236310005,0.15778008103370667,0.025940392166376114
0.18368159234523773,3.2817992178024724e-05,0.07564062625169754,0.10354546457529068,0.312578022480011,0.021049510687589645,0.24780167639255524,0.018792586401104927
0.30025091767311096,0.0002286967501277104,0.12256181985139847,0.015056462027132511,0.35232993960380554,0.00044286978663876653,0.07641111314296722,0.020164621993899345
0.10450612753629684,0.0006543991039507091,0.015564202331006527,0.0029850746504962444,0.35218068957328796,0.0,0.031349387019872665,0.01916382648050785
0.14686988294124603,0.0006149505497887731,0.0731707289814949,0.01619636081159115,0.2378683090209961,0.0,0.058906953781843185,0.016248609870672226
0.296312540769577,0.0004327065544202924,0.025007076561450958,0.17599695920944214,0.4753561019897461,0.0,0.06566249579191208,0.02470557764172554
0.20907524228096008,0.00015503221948165447,0.0018822264391928911,0.10289105027914047,0.3711341321468353,0.0,0.05417544022202492,0.03853784501552582
0.36553385853767395,0.0,0.0,0.08247198164463043,0.50956791639328,0.0,0.07613168656826019,0.03440442308783531
0.2898164689540863,0.0,0.0,0.1632310003042221,0.4022578001022339,0.0,0.024826887995004654,0.017349695786833763
0.25620636343955994,0.0001391776168020442,0.03332534059882164,0.1412157565355301,0.41107797622680664,0.008308605290949345,0.09589516371488571,0.027065366506576538
0.19491364061832428,0.0,0.06903485208749771,0.0024847094900906086,0.2997860908508301,0.011215906590223312,0.08375804126262665,0.03570730984210968
0.17550471425056458,4.250741039868444e-05,0.08526215702295303,0.0,0.19907665252685547,0.0015741833485662937,0.0580635592341423,0.015597205609083176
0.16816870868206024,0.00011627277854131535,0.1562354564666748,0.0,0.4206777811050415,0.005508749280124903,0.06233752891421318,0.005679253023117781
0.32517731189727783,9.728366421768442e-05,0.09862657636404037,0.0,0.521867573261261,0.011968369595706463,0.11633997410535812,0.02576936036348343
0.37641316652297974,0.0001371318066958338,0.10334215313196182,0.0,0.5218543410301208,0.019547080621123314,0.12247993797063828,0.059966154396533966
0.29354795813560486,0.00043944804929196835,0.11399684846401215,0.0,0.44735848903656006,0.017812499776482582,0.19249510765075684,0.04636591300368309
0.23759984970092773,0.00025828444631770253,0.06905167549848557,0.07573744654655457,0.5902287364006042,0.006775607820600271,0.20985251665115356,0.05392816662788391
0.4687199294567108,0.0003697346546687186,0.0069339764304459095,0.1076388880610466,0.4327172338962555,0.0005506607703864574,0.15800407528877258,0.019290216267108917
0.30831509828567505,0.0,0.0007423905190080404,0.1586921215057373,0.4280618727207184,0.003265306120738387,0.16596399247646332,0.04833272844552994
0.3419576585292816,4.042996806674637e-05,0.0010834236163645983,0.05839867889881134,0.39530834555625916,0.0027649770490825176,0.15034544467926025,0.02254854328930378
0.33346742391586304,6.93232286721468e-05,0.036538105458021164,0.06411781907081604,0.3741109371185303,0.0,0.0565476194024086,0.02914372831583023
0.3310113549232483,0.00013463407231029123,0.01243190374225378,0.1585809588432312,0.40903323888778687,0.0,0.149252250790596,0.05307812616229057
0.35962459444999695,0.00028498732717707753,0.0945090502500534,0.08336572349071503,0.4417548179626465,0.0,0.08303267508745193,0.13427236676216125
0.344044953584671,1.7060150639736094e-05,0.19555512070655823,0.04637141153216362,0.5070494413375854,0.0,0.12053961306810379,0.0785500779747963
0.20139357447624207,0.0003483052714727819,0.14042970538139343,0.0,0.2990192770957947,0.0013990906300023198,0.07096311450004578,0.04189413785934448
0.19587628543376923,0.0,0.11439385265111923,0.0010362694738432765,0.3265518844127655,0.04053622856736183,0.16115887463092804,0.04638350009918213
0.26995304226875305,0.0,0.12022513151168823,0.004621605854481459,0.37667542695999146,0.0052582742646336555,0.07667359709739685,0.04556410759687424
0.3289205729961395,4.667521716328338e-05,0.11310525238513947,0.08975928276777267,0.093620665371418,0.003975465893745422,0.08614355325698853,0.0012012012302875519
0.24892966449260712,6.67939311824739e-05,0.07806691527366638,0.13783510029315948,0.06018269807100296,0.0045692529529333115,0.02449939399957657,0.011404900811612606
0.36019667983055115,0.0,0.028451211750507355,0.04046284779906273,0.4062806963920593,0.008979374542832375,0.05712209269404411,0.030286267399787903
0.24490264058113098,0.0001314428955083713,0.04672006145119667,0.09628873318433762,0.5204022526741028,0.018301913514733315,0.03312617540359497,0.030138248577713966
0.18677493929862976,0.0,0.05831373110413551,0.10312984883785248,0.35277220606803894,0.005954743828624487,0.01829673908650875,0.010711506940424442
0.49108368158340454,0.0005143257440067828,0.11324560642242432,0.13518498837947845,0.4989036023616791,0.07358618825674057,0.19510889053344727,0.05344231426715851
0.0757085531949997,1.9061373677686788e-05,0.029527559876441956,0.11398397386074066,0.39669567346572876,0.000633914431091398,0.09728854149580002,0.0395825169980526
0.2630156874656677,1.917718145705294e-05,0.1377604752779007,0.023944759741425514,0.549924910068512,0.0009733939077705145,0.08493365347385406,0.04667571932077408
0.45060789585113525,1.7635478798183613e-05,0.18377511203289032,0.08292172104120255,0.3349054455757141,0.042441315948963165,0.16832983493804932,0.02279234118759632
0.17180512845516205,0.00037415913539007306,0.023928653448820114,0.0,0.1162971705198288,0.00436772033572197,0.01694314554333687,0.0092544574290514
0.12144046276807785,0.0007857473683543503,0.008593847043812275,0.08625554293394089,0.4751615524291992,0.0,0.12281892448663712,0.024370143190026283
0.18319492042064667,0.0005849936860613525,0.13357041776180267,0.019888030365109444,0.32462018728256226,0.002913564210757613,0.16890107095241547,0.02947663888335228
0.23640257120132446,7.430022378684953e-06,0.10325001925230026,0.02726779505610466,0.15068045258522034,0.0007254261872731149,0.05056774243712425,0.009591015987098217
0.23320414125919342,1.0531502084631938e-05,0.17541809380054474,0.08372284471988678,0.28921204805374146,0.002816020045429468,0.015428869985044003,0.012588058598339558
0.13458450138568878,0.0004376486176624894,0.0037569634150713682,0.011554857715964317,0.3956708610057831,0.0,0.023813361302018166,0.020710645243525505
0.1476503163576126,2.0763534848811105e-05,0.0012976900907233357,0.043602105230093,0.4657842218875885,0.0,0.06662968546152115,0.02596716769039631
0.15099072456359863,0.00016003170458134264,0.01744777336716652,0.052013423293828964,0.32314303517341614,0.0,0.06379809975624084,0.028760163113474846
0.2117568403482437,0.0005158898420631886,0.08069030195474625,0.05376901850104332,0.3495352268218994,0.0,0.11218547075986862,0.02057664468884468
0.2637503147125244,9.529548151476774e-06,0.0404798686504364,0.013846153393387794,0.34511399269104004,0.009821428917348385,0.10403074324131012,0.03326153755187988
0.1522551029920578,0.0002421547833364457,0.10633496940135956,0.08039647340774536,0.4356388747692108,0.003149898024275899,0.09849884361028671,0.024448104202747345
0.1461397111415863,0.0003596101887524128,0.07118713110685349,0.0,0.32681530714035034,0.018197573721408844,0.10541796684265137,0.025041256099939346
0.2983205318450928,0.0006017513223923743,0.14236901700496674,0.07421249151229858,0.39782726764678955,0.0072241285815835,0.10974965989589691,0.05077048018574715
0.3446808457374573,0.0,0.18513451516628265,0.029524585232138634,0.2823777496814728,0.010430247522890568,0.09094151109457016,0.017775176092982292
0.282790869474411,0.0004164489218965173,0.22701869904994965,0.0844905748963356,0.32112357020378113,0.0038399354089051485,0.061992306262254715,0.029043348506093025
0.21833480894565582,0.0006397103425115347,0.19022351503372192,0.02623671665787697,0.3455333113670349,0.02786671370267868,0.11947296559810638,0.033096250146627426
0.2662883698940277,0.0,0.06483243405818939,0.0029296875,0.4600526690483093,0.0003404835006222129,0.09161897003650665,0.042180467396974564
0.24024823307991028,0.00012247871200088412,0.1392524689435959,0.00847769994288683,0.3703087866306305,0.01714743673801422,0.06007588654756546,0.051393382251262665
0.42500001192092896,0.0002122183796018362,0.1554795801639557,0.0733402818441391,0.44549646973609924,0.0064703552052378654,0.23689395189285278,0.07656719535589218
0.2906574308872223,6.438590935431421e-05,0.14564120769500732,0.04689287021756172,0.2827146351337433,0.011654029600322247,0.25796452164649963,0.019296441227197647
0.2484557330608368,0.0002416775096207857,0.27295804023742676,0.11522633582353592,0.2787514328956604,0.03280067443847656,0.06242552399635315,0.03340541943907738
0.18214073777198792,0.00020192732335999608,0.010556232184171677,0.07751564681529999,0.36224403977394104,0.0013051989953964949,0.06479555368423462,0.01184335071593523
0.3625170886516571,3.226009721402079e-05,0.09753154218196869,0.052878107875585556,0.43136435747146606,0.016949152573943138,0.11464686691761017,0.006445464212447405
0.3996487855911255,0.0002423619298497215,0.09060753881931305,0.13241678476333618,0.48990780115127563,0.02596593275666237,0.13657258450984955,0.01682887226343155
0.22879581153392792,0.00018139211169909686,0.07423704862594604,0.09964140504598618,0.25977033376693726,0.033106133341789246,0.08626216650009155,0.033242903649806976
0.24600520730018616,4.374083346192492e-06,0.08213117718696594,0.11559873074293137,0.5831602215766907,0.03490189090371132,0.17795605957508087,0.03724263980984688
0.19104355573654175,3.422203735681251e-05,0.13238197565078735,0.11295336484909058,0.39669549465179443,0.004087889567017555,0.05974068492650986,0.0034159389324486256
0.28881579637527466,0.0001504977117292583,0.13548745214939117,0.003998400643467903,0.44794973731040955,0.012030075304210186,0.08618920296430588,0.02374151721596718
0.17836053669452667,0.0,0.11060277372598648,0.041315048933029175,0.34361839294433594,0.01725267432630062,0.0982770249247551,0.0543125718832016
0.10890693962574005,3.249698056606576e-05,0.11706415563821793,0.006161828991025686,0.158145010471344,0.014128187671303749,0.055414266884326935,0.006329268217086792
0.1948940008878708,0.00013691077765543014,0.06165127828717232,0.05532858520746231,0.4007171094417572,0.01119999960064888,0.06859427690505981,0.0061566149815917015
0.37319397926330566,3.3587846701266244e-05,0.08645971864461899,0.06594724208116531,0.5504878759384155,0.010685011744499207,0.1320340782403946,0.02652217075228691
0.39377084374427795,0.00013726536417379975,0.10053711384534836,0.1201423928141594,0.5003389120101929,0.008920188061892986,0.13268135488033295,0.06156126409769058
0.3722381591796875,0.00039140868466347456,0.12745918333530426,0.06732984632253647,0.3887501060962677,0.01235527265816927,0.25411704182624817,0.06516623497009277
0.23887893557548523,0.0001476961188018322,0.1344466209411621,0.07025952637195587,0.4862910509109497,0.0067590633407235146,0.19625349342823029,0.06325740367174149
0.337665855884552,0.0004210850747767836,0.2180987000465393,0.09673628211021423,0.46514174342155457,0.03507591784000397,0.08173448592424393,0.031484220176935196
0.22559653222560883,0.0,0.14464052021503448,0.01259872131049633,0.42113006114959717,0.04616817459464073,0.17326891422271729,0.028761181980371475
0.4572271406650543,3.6516579712042585e-05,0.10173536092042923,0.03555798530578613,0.3751649856567383,0.024600638076663017,0.14011698961257935,0.004498326685279608
0.5244941711425781,0.00024030724307522178,0.15466155111789703,0.024351296946406364,0.39462822675704956,0.0040543279610574245,0.031289588660001755,0.04172635078430176
0.3790713846683502,0.00014029181329533458,0.038997214287519455,0.09026798605918884,0.45084473490715027,0.036274511367082596,0.14204192161560059,0.038808077573776245
0.4566062092781067,0.0007358696893788874,0.07281000912189484,0.09686609357595444,0.4717330038547516,0.10825780779123306,0.21803267300128937,0.08354239165782928
0.3579982817173004,0.0001383824273943901,0.19147682189941406,0.06133333221077919,0.5113885998725891,0.026533275842666626,0.17624710500240326,0.08904767781496048
0.31354308128356934,0.00034670994500629604,0.1276487112045288,0.04923023283481598,0.4060075581073761,0.007633587811142206,0.07649518549442291,0.03355346620082855
0.40943974256515503,0.0,0.15729640424251556,0.0852203369140625,0.347927063703537,0.0050639016553759575,0.13075369596481323,0.02903483808040619
0.40146175026893616,2.5619423468015157e-05,0.13513512909412384,0.09672924131155014,0.38602733612060547,0.014877479523420334,0.08616188168525696,0.03194642812013626
0.37130996584892273,0.00015862852160353214,0.1137571781873703,0.20410409569740295,0.1483072191476822,0.015124676749110222,0.13774536550045013,0.023388415575027466
0.283203125,9.492629760643467e-05,0.09088853746652603,0.0782070979475975,0.47459933161735535,0.0,0.0,0.048925939947366714
0.4286962151527405,0.0,0.054411765187978745,0.01647607423365116,0.3737764060497284,0.0043767839670181274,0.0017357181059196591,0.05149718374013901
0.3686573803424835,9.566816152073443e-05,0.056179776787757874,0.10822083055973053,0.5117568373680115,0.005943536292761564,0.007106777746230364,0.048442255705595016
0.23942537605762482,0.0,0.05122636631131172,0.11686355620622635,0.45291703939437866,0.00045516612590290606,0.006720661651343107,0.012115728110074997
0.5088819265365601,0.0005141822621226311,0.12759815156459808,0.05332809314131737,0.44663718342781067,0.03772613778710365,0.19210204482078552,0.03492255508899689
0.16934596002101898,6.197738548507914e-05,0.01615060120820999,0.012913144193589687,0.3673586845397949,0.000588821480050683,0.05876448005437851,0.030411750078201294
0.23913681507110596,1.9961791622336023e-05,0.13084830343723297,0.07955814898014069,0.5333076119422913,0.002381084254011512,0.10665691643953323,0.03522583842277527
0.42960402369499207,1.1838584214274306e-05,0.13055002689361572,0.13315926492214203,0.2507649064064026,0.014987604692578316,0.1498039960861206,0.028126424178481102
0.06586578488349915,8.012435137061402e-05,0.08559825271368027,0.01608462631702423,0.4645349383354187,0.027802148833870888,0.09500489383935928,0.07178010046482086
0.29842573404312134,0.00018403436115477234,0.007652533706277609,0.0027844072319567204,0.45827746391296387,0.0052714222110807896,0.14223617315292358,0.0444217212498188
0.275973379611969,0.0003231294103898108,0.17977142333984375,0.04822786897420883,0.39679768681526184,0.031217264011502266,0.14626367390155792,0.0664476603269577
0.3994610905647278,0.0,0.16677825152873993,0.05186722055077553,0.2596438229084015,0.009002250619232655,0.12224432826042175,0.00899296160787344
0.2405938059091568,8.266404620371759e-05,0.1925140619277954,0.05209187790751457,0.49635037779808044,0.011425462551414967,0.047629598528146744,0.006193526554852724
0.2732512950897217,0.00021857413230463862,0.033037301152944565,0.08352465182542801,0.41169577836990356,0.05536642298102379,0.11104638129472733,0.017117464914917946
0.2809721529483795,0.0,0.026700720191001892,0.04578788951039314,0.5914976596832275,0.009736667387187481,0.10493368655443192,0.05429162457585335
0.33160510659217834,0.00023480167146772146,0.03995548188686371,0.13907819986343384,0.5274174809455872,0.0026837324257940054,0.245400071144104,0.05479782074689865
0.320669949054718,0.0003900192677974701,0.036348577588796616,0.11964882910251617,0.40195342898368835,0.012700694613158703,0.18910519778728485,0.054674841463565826
0.4433557987213135,5.78440494791721e-06,0.026629680767655373,0.07269890606403351,0.371259480714798,0.023607175797224045,0.08173513412475586,0.040198057889938354
0.2930363416671753,0.00014772021677345037,0.08684251457452774,0.15688543021678925,0.46695590019226074,0.010298660956323147,0.19890236854553223,0.054858382791280746
0.3034410774707794,0.00024285433755721897,0.14330218732357025,0.11771591007709503,0.41564807295799255,0.017156226560473442,0.13989083468914032,0.018015367910265923
0.602546751499176,0.00025232057669200003,0.2579123377799988,0.13777337968349457,0.4248616099357605,0.03392000123858452,0.1580200344324112,0.06778512895107269
0.528588593006134,0.0,0.2822377681732178,0.0887489840388298,0.3272997736930847,0.06875667721033096,0.11366792023181915,0.03967150300741196
0.39694830775260925,0.0006273745675571263,0.2560572028160095,0.08666819334030151,0.30931103229522705,0.01840153895318508,0.07805410027503967,0.030819140374660492
0.3564482033252716,0.0008025307906791568,0.19585491716861725,0.14101974666118622,0.6091592311859131,0.026676977053284645,0.24587827920913696,0.028977392241358757
0.4199255108833313,0.0,0.10123341530561447,0.006820917595177889,0.4838561713695526,0.005586592014878988,0.1323908120393753,0.04251866415143013
0.4331210255622864,8.590042125433683e-05,0.15805119276046753,0.1069532260298729,0.4168860912322998,0.008669430390000343,0.10064635425806046,0.03295914828777313
0.5817805528640747,0.0001830329856602475,0.12977346777915955,0.1039922758936882,0.5021981000900269,0.01447028387337923,0.24707749485969543,0.0856516882777214
0.41125690937042236,8.566918950236868e-06,0.09735307097434998,0.12355367839336395,0.35874009132385254,0.026490705087780952,0.3155874013900757,0.032195936888456345
0.3904881179332733,0.0002589646610431373,0.24103282392024994,0.19288820028305054,0.25849106907844543,0.07150381803512573,0.04775581508874893,0.027608055621385574
0.22966034710407257,0.0006235114997252822,0.055657319724559784,0.17391304671764374,0.3793650269508362,0.013752090744674206,0.025457950308918953,0.034241415560245514
0.4494219720363617,0.0005708885146304965,0.12156414985656738,0.10048266500234604,0.5136041641235352,0.03453342989087105,0.12886300683021545,0.05139273405075073
0.39647483825683594,0.0003991029516328126,0.2050328552722931,0.19506877660751343,0.5308812856674194,0.03605811297893524,0.19797784090042114,0.035900503396987915
0.32794830203056335,0.00017154731904156506,0.18200409412384033,0.15858054161071777,0.39067918062210083,0.024576108902692795,0.09674838185310364,0.0068741729483008385
0.6182115077972412,4.309508767619263e-06,0.0925835371017456,0.1762593388557434,0.5103766918182373,0.042612578719854355,0.15189789235591888,0.03396037966012955
0.37374547123908997,2.5710796762723476e-05,0.19471128284931183,0.2552923858165741,0.4075525104999542,0.00031766199390403926,0.08322270959615707,0.09893679618835449
0.40995094180107117,0.0001458038022974506,0.21423418819904327,0.2416481077671051,0.428162157535553,0.014395631849765778,0.11109679192304611,0.032758619636297226
0.1883971244096756,7.122146712390531e-07,0.16508746147155762,0.17088821530342102,0.34997475147247314,0.024249592795968056,0.08063933253288269,0.008993051014840603
0.1471724659204483,0.00020876618509646505,0.1608588546514511,0.11581646651029587,0.3473922610282898,0.030094044283032417,0.16868825256824493,0.004112808499485254
0.31146979331970215,0.00017464002303313464,0.2964837849140167,0.1542806178331375,0.4447005093097687,0.036274850368499756,0.10158709436655045,0.004522840492427349
0.25545111298561096,0.0001150458847405389,0.1709728091955185,0.2123732715845108,0.6247614026069641,0.024684645235538483,0.16267794370651245,0.009685230441391468
0.39426112174987793,0.0001333651307504624,0.2677728533744812,0.2290925234556198,0.48625901341438293,0.020529335364699364,0.11388903111219406,0.014809640124440193
0.4789729118347168,0.0004812170809600502,0.19618551433086395,0.482489675283432,0.4575466811656952,0.018354637548327446,0.24944131076335907,0.05992358922958374
0.31590908765792847,0.00016521515499334782,0.24809782207012177,0.23220369219779968,0.5208895206451416,0.018390191718935966,0.24059736728668213,0.050376489758491516
0.5668965578079224,0.000228750504902564,0.30964237451553345,0.3051081895828247,0.44200441241264343,0.02345556579530239,0.1840457320213318,0.012244485318660736
0.36472147703170776,0.0,0.24166563153266907,0.16834451258182526,0.45080089569091797,0.05167464166879654,0.20570491254329681,0.02744818851351738
0.3600078225135803,0.0,0.19818063080310822,0.17645975947380066,0.37902548909187317,0.03521687164902687,0.17554162442684174,0.007386181503534317
0.37748345732688904,0.0001509105641162023,0.23143474757671356,0.1613297462463379,0.34285080432891846,0.02652519941329956,0.07205132395029068,0.030220242217183113
0.31450092792510986,7.679182454012334e-05,0.0403716005384922,0.07993092387914658,0.37612441182136536,0.0583854615688324,0.18349172174930573,0.043765828013420105
0.520800769329071,0.00015207579417619854,0.1687910407781601,0.23496659100055695,0.45378682017326355,0.13045474886894226,0.12838995456695557,0.10374382138252258
0.2561492919921875,0.0,0.26188454031944275,0.3240828812122345,0.4261643588542938,0.020762551575899124,0.12749633193016052,0.08724068850278854
0.2891746461391449,8.711757982382551e-05,0.051721930503845215,0.20030935108661652,0.32384106516838074,0.007709474768489599,0.07428176701068878,0.03761276230216026
0.334689736366272,3.8640635466435924e-05,0.1661631464958191,0.1299298107624054,0.31528356671333313,0.0190085731446743,0.07639559358358383,0.039367225021123886
0.2582912743091583,5.819896159664495e-06,0.12696458399295807,0.14794549345970154,0.29121920466423035,0.02517162449657917,0.0751708447933197,0.025102879852056503
0.3200072646141052,0.00020126288291066885,0.17811450362205505,0.26373520493507385,0.11752539873123169,0.005260012112557888,0.048033732920885086,0.007030384615063667
0.26078668236732483,7.580274541396648e-05,0.1319669783115387,0.2530743479728699,0.3222489655017853,0.004978592041879892,0.021544428542256355,0.04532681405544281
0.32213741540908813,0.0,0.10866469144821167,0.09207810461521149,0.4544788599014282,0.01686265878379345,0.16822299361228943,0.03972752392292023
0.26345863938331604,0.00015456040273420513,0.09947825968265533,0.14954139292240143,0.33793169260025024,0.020198440179228783,0.1661183089017868,0.043171774595975876
0.2125246524810791,0.0,0.09671126306056976,0.31149426102638245,0.33335602283477783,0.005098618101328611,0.16808335483074188,0.014412053860723972
0.5228733420372009,0.0006768887396901846,0.22430075705051422,0.18964189291000366,0.4504453241825104,0.05083731934428215,0.24756282567977905,0.026243995875120163
0.13090908527374268,0.00045685478835366666,0.007206759415566921,0.08771929889917374,0.3849918246269226,0.0034327011089771986,0.14249654114246368,0.022779574617743492
0.39846742153167725,0.0002531878126319498,0.18455778062343597,0.33096715807914734,0.6015666127204895,0.0067636119201779366,0.10119810700416565,0.041810937225818634
0.3922324478626251,8.550594793632627e-05,0.24593128263950348,0.300368994474411,0.33233869075775146,0.05622490122914314,0.17465849220752716,0.025570260360836983
0.22165413200855255,0.00038722643512301147,0.06484809517860413,0.08079954981803894,0.21073397994041443,0.04058608040213585,0.08032827824354172,0.04856148734688759
0.34096407890319824,0.0005820199730806053,0.007003891281783581,0.0,0.4905793368816376,0.0,0.12433531135320663,0.018628012388944626
0.2682226896286011,0.0002614082186482847,0.08671171218156815,0.18067726492881775,0.41116321086883545,0.03998182713985443,0.17804455757141113,0.03605237603187561
0.5018433332443237,0.0,0.1145348846912384,0.32898828387260437,0.20244121551513672,0.0020416495390236378,0.12451998889446259,0.008524315431714058
0.19788426160812378,8.713761053513736e-05,0.1865091323852539,0.42335522174835205,0.29280784726142883,0.013845033012330532,0.03191631659865379,0.034480515867471695
0.3394422233104706,0.00028866660431958735,0.06621839851140976,0.2283821403980255,0.4615625739097595,0.015496809035539627,0.15532492101192474,0.027019239962100983
0.2695583403110504,0.0,0.02708139829337597,0.043538738042116165,0.526838481426239,0.03928393870592117,0.0710248202085495,0.06738808751106262
0.24243365228176117,0.00036299083149060607,0.15745605528354645,0.38036617636680603,0.4894302189350128,0.0025316455867141485,0.2047036588191986,0.04519354924559593
0.22013574838638306,0.0004595797508955002,0.11852838099002838,0.183859720826149,0.4235597252845764,0.04369063675403595,0.17067115008831024,0.04216828569769859
0.33260437846183777,4.349988557805773e-06,0.09144987165927887,0.20404040813446045,0.33362847566604614,0.03499755263328552,0.08968161046504974,0.04716269671916962
0.27676722407341003,0.00017727699014358222,0.22302041947841644,0.35787028074264526,0.4699569046497345,0.019754506647586823,0.2377062737941742,0.03319448232650757
0.3487575054168701,0.0003241646336391568,0.214418426156044,0.23062121868133545,0.3859401047229767,0.057277828454971313,0.15231025218963623,0.014879480004310608
0.6066038012504578,0.00038360641337931156,0.24708926677703857,0.41079872846603394,0.4293005168437958,0.04795035719871521,0.18572784960269928,0.04101790115237236
0.5713788270950317,0.0,0.37510189414024353,0.3599148690700531,0.2783277928829193,0.05109364166855812,0.1389203667640686,0.012988981790840626
0.29731613397598267,0.0006122638587839901,0.24494165182113647,0.40202754735946655,0.37270110845565796,0.02429359033703804,0.11372321099042892,0.02295052260160446
0.3908751904964447,0.0008706083754077554,0.27085721492767334,0.43257275223731995,0.5922400951385498,0.07179997861385345,0.20351220667362213,0.02619554102420807
0.34305065870285034,0.0,0.04795405641198158,0.020576132461428642,0.506305456161499,0.0,0.17929700016975403,0.035893067717552185
0.3335782587528229,0.0002295931481057778,0.08258583396673203,0.26279184222221375,0.40644386410713196,0.004613356664776802,0.11256337910890579,0.0458364263176918
0.4325748383998871,0.00020611386571545154,0.14091980457305908,0.2520868182182312,0.43373027443885803,0.0126488097012043,0.22984924912452698,0.04658334702253342
0.4762782156467438,0.0001900114439195022,0.2725304067134857,0.32472923398017883,0.4065864086151123,0.020606622099876404,0.08756061643362045,0.01964682526886463
0.39822202920913696,0.0005226382054388523,0.2710852026939392,0.3096109628677368,0.344876229763031,0.06461509317159653,0.002195504494011402,0.015546218492090702
0.2921568751335144,0.0006985110812820494,0.02223281003534794,0.1765119582414627,0.4722425937652588,0.02402791567146778,0.17200244963169098,0.0184882003813982
0.38138139247894287,0.0001344444608548656,0.17525018751621246,0.285659521818161,0.4040784537792206,0.06339196860790253,0.07297015935182571,0.01514305081218481
0.39412158727645874,0.00035664558527059853,0.2923632562160492,0.5966988801956177,0.4935356378555298,0.07667241990566254,0.25200673937797546,0.05251777917146683
0.34372106194496155,0.0001723385794321075,0.30174291133880615,0.34288087487220764,0.33495137095451355,0.03073229268193245,0.07419712096452713,0.020901422947645187
0.5120262503623962,8.516926754964516e-06,0.07952622324228287,0.24603071808815002,0.6121839880943298,0.04989458993077278,0.19427135586738586,0.027961179614067078
0.4786921441555023,7.86887903814204e-06,0.18009914457798004,0.08138269186019897,0.419092059135437,0.012107101269066334,0.038326162844896317,0.030587494373321533
0.5417388081550598,0.0001425149239366874,0.17928794026374817,0.21853074431419373,0.4971073269844055,0.010139764286577702,0.21837808191776276,0.03920289874076843
0.295448899269104,0.0,0.18458670377731323,0.289934366941452,0.33726736903190613,0.01640322059392929,0.06313398480415344,0.043700385838747025
0.2165806144475937,5.609508662018925e-05,0.30474287271499634,0.20745453238487244,0.33915162086486816,0.08138033002614975,0.25162866711616516,0.0146787129342556
0.16182279586791992,0.0001435043232049793,0.30922430753707886,0.2931375503540039,0.4704892337322235,0.049522943794727325,0.1286127120256424,0.009245441295206547
0.3292626738548279,0.00010666127491276711,0.1801624447107315,0.2723946273326874,0.6278619766235352,0.047650933265686035,0.18384644389152527,0.04594087228178978
0.495471328496933,0.000132111381390132,0.30500471591949463,0.5041388273239136,0.4931647479534149,0.042118337005376816,0.21577195823192596,0.042852070182561874
0.4094804525375366,0.0005080285482108593,0.19984418153762817,0.6421093940734863,0.4550608694553375,0.037224870175123215,0.2579977512359619,0.04808211699128151
0.358584463596344,0.0001526795676909387,0.28081098198890686,0.2834044396877289,0.5657427310943604,0.030013643205165863,0.27715593576431274,0.07446351647377014
0.33627182245254517,0.0005834999610669911,0.4279228150844574,0.4526098966598511,0.4289553165435791,0.08830229938030243,0.19636577367782593,0.008790276944637299
0.30166271328926086,0.0,0.32197532057762146,0.2621892988681793,0.4009769856929779,0.04770294204354286,0.27818557620048523,0.007643820717930794
0.49603500962257385,3.153717261739075e-05,0.257400244474411,0.16704119741916656,0.3895847499370575,0.02696365676820278,0.1441410332918167,0.008577468805015087
0.5072100162506104,0.00010068430128740147,0.23543837666511536,0.2718143165111542,0.36713069677352905,0.04499567300081253,0.056179776787757874,0.029058611020445824
0.37838608026504517,0.00013656246301252395,0.4224899709224701,0.4801136255264282,0.4699084758758545,0.07193998992443085,0.2420261651277542,0.032756075263023376
0.5492537021636963,0.000409215921536088,0.1408805102109909,0.30741602182388306,0.5469815135002136,0.07880539447069168,0.29067400097846985,0.1019548624753952
0.49827486276626587,0.00023478468938264996,0.30309733748435974,0.5325873494148254,0.5004568696022034,0.04739001393318176,0.19322045147418976,0.06960605084896088
0.4072888493537903,0.0003996938175987452,0.18246980011463165,0.39065441489219666,0.44551676511764526,0.03605671972036362,0.09408830106258392,0.040295571088790894
0.342097669839859,3.466242196736857e-05,0.28575876355171204,0.3757671117782593,0.393459290266037,0.043543677777051926,0.2152843475341797,0.03768470883369446
0.3669501841068268,0.00014633509272243828,0.2282157689332962,0.3079526126384735,0.4163754880428314,0.05929002910852432,0.10794847458600998,0.0286360215395689
0.37933507561683655,0.0002260334003949538,0.34365007281303406,0.4176277816295624,0.13527753949165344,0.02745901606976986,0.16894184052944183,0.005361055489629507
0.3543403744697571,0.00010281084541929886,0.15414373576641083,0.40070921182632446,0.41846808791160583,0.013326986692845821,0.06430133432149887,0.04121625795960426
0.3273542523384094,0.0,0.08492797613143921,0.13001060485839844,0.41303449869155884,0.013944223523139954,0.24837316572666168,0.0546858012676239
0.3287639319896698,0.0002067914028884843,0.20868167281150818,0.2888506352901459,0.5990477800369263,0.08621689677238464,0.2227609008550644,0.02793610654771328
0.28469347953796387,0.0,0.14144019782543182,0.508230447769165,0.48812025785446167,0.0006209251587279141,0.08117308467626572,0.019681164994835854
0.47661587595939636,0.0005937938112765551,0.2709483206272125,0.2512304186820984,0.47783932089805603,0.0242659542709589,0.29704511165618896,0.0373435840010643
0.1887529343366623,0.00024933693930506706,0.059697460383176804,0.14558303356170654,0.44107553362846375,0.00027925160247832537,0.17738710343837738,0.025845058262348175
0.4201144278049469,6.495170237030834e-05,0.2451237291097641,0.3672073483467102,0.6044053435325623,0.02490566112101078,0.15947912633419037,0.047693803906440735
0.3837439715862274,3.388811455806717e-05,0.2170383483171463,0.3576049208641052,0.3673465847969055,0.03959183767437935,0.19006860256195068,0.041969891637563705
0.4985795319080353,0.0003160511259920895,0.12487804889678955,0.23020528256893158,0.4557955861091614,0.05302920192480087,0.12361670285463333,0.06350812315940857
0.4233766198158264,0.0005902426782995462,0.031836021691560745,0.0,0.47373634576797485,0.040621791034936905,0.17540082335472107,0.023995915427803993
0.6305662393569946,0.0002662695769686252,0.2543303668498993,0.39740604162216187,0.5714357495307922,0.03396814689040184,0.2856251299381256,0.04276611655950546
0.624056339263916,0.0,0.32241031527519226,0.4173412621021271,0.2544783055782318,0.0932159498333931,0.1926427036523819,0.011884978041052818
0.3366449177265167,9.631046850699931e-05,0.230167955160141,0.4765349328517914,0.4805012047290802,0.07133311033248901,0.050599656999111176,0.039979927241802216
0.44495663046836853,0.00030200296896509826,0.14930367469787598,0.14567163586616516,0.5510358810424805,0.021104201674461365,0.21309736371040344,0.025830749422311783
0.31455591320991516,0.0,0.04351678490638733,0.17258216440677643,0.6559329032897949,0.06782130151987076,0.1514633148908615,0.036006078124046326
0.36073246598243713,0.00023363054788205773,0.3259176015853882,0.42829430103302,0.6006624102592468,0.1206694096326828,0.33067798614501953,0.03256625682115555
0.279013454914093,0.0004551037272904068,0.15077152848243713,0.23482142388820648,0.4232921302318573,0.04516806825995445,0.19231155514717102,0.05049027502536774
0.4204990267753601,0.0,0.12986834347248077,0.2174963802099228,0.4409184157848358,0.04660136625170708,0.11610186845064163,0.04121788218617439
0.3563087582588196,0.0001939738285727799,0.33576643466949463,0.44019728899002075,0.5922561883926392,0.03762827813625336,0.2520587146282196,0.07131000608205795
0.45790690183639526,0.00017377488256897777,0.3359453082084656,0.33580079674720764,0.48608124256134033,0.08597623556852341,0.19041253626346588,0.03974112123250961
0.6821855902671814,0.00014813322923146188,0.31586846709251404,0.4697643220424652,0.48814645409584045,0.06770515441894531,0.22178712487220764,0.04084562510251999
0.6286353468894958,1.894468005048111e-05,0.4509183168411255,0.5506814122200012,0.33494049310684204,0.05547099560499191,0.20610888302326202,0.023357819765806198
0.3886054456233978,0.00024887805921025574,0.43043655157089233,0.5688096880912781,0.3910321593284607,0.03607374057173729,0.10349607467651367,0.023337800055742264
0.5960536003112793,0.0008392534800805151,0.35770368576049805,0.4046383202075958,0.6534740328788757,0.08130569756031036,0.3060034215450287,0.04148702323436737
0.44760820269584656,0.0,0.15318743884563446,0.02718006819486618,0.5118460059165955,0.006788759026676416,0.23053191602230072,0.09425629675388336
0.4068053066730499,6.356593803502619e-05,0.24623675644397736,0.3986486494541168,0.4326144754886627,0.03630289435386658,0.11240732669830322,0.04679759219288826
0.4610021710395813,0.0002084677980747074,0.29261744022369385,0.3301837146282196,0.5014559626579285,0.0239680428057909,0.3195585608482361,0.059900932013988495
0.3155483603477478,0.00011169179924763739,0.3637523949146271,0.30105218291282654,0.41812118887901306,0.03452527895569801,0.2893325388431549,0.043981004506349564
0.4478718340396881,0.0003984106006100774,0.47047320008277893,0.4749601185321808,0.4196067750453949,0.1289115697145462,0.06854475289583206,0.034580033272504807
0.34067797660827637,0.0006172369467094541,0.010098460130393505,0.26838016510009766,0.5095467567443848,0.05171860009431839,0.16414301097393036,0.01616113819181919
0.4420185983181,0.00011924636055482551,0.2823888659477234,0.24392198026180267,0.5119051933288574,0.1101459339261055,0.14831438660621643,0.025499723851680756
0.4639127552509308,0.000491446175146848,0.4033283591270447,0.5430424809455872,0.5963086485862732,0.05939524993300438,0.30633923411369324,0.03790394589304924
0.36726927757263184,0.00013479060726240277,0.3966764211654663,0.46270161867141724,0.38917797803878784,0.023342670872807503,0.1291697472333908,0.05423784255981445
0.6191636323928833,1.2806155609723646e-05,0.3195468485355377,0.2912702262401581,0.5968433618545532,0.13504908978939056,0.2260269671678543,0.06727690994739532
0.5298991203308105,3.778042082558386e-05,0.2932106554508209,0.5473331809043884,0.4161202311515808,0.05087319761514664,0.04133056104183197,0.07232210040092468
0.5117988586425781,0.00014220217417459935,0.25506073236465454,0.4593048691749573,0.5094878077507019,0.02447601594030857,0.30639874935150146,0.04958941787481308
0.3334200978279114,1.0007455784943886e-05,0.24181847274303436,0.3214285671710968,0.38794636726379395,0.04488607123494148,0.2631235718727112,0.020924942567944527
0.32721009850502014,6.791373016312718e-05,0.36110720038414,0.25861063599586487,0.32665181159973145,0.0684056431055069,0.2061522752046585,0.02003968320786953
0.27251386642456055,0.00018467169138602912,0.3212890625,0.4048304259777069,0.5764966011047363,0.03483380377292633,0.13169407844543457,0.017932677641510963
0.4621931314468384,0.00011967498721787706,0.31056246161460876,0.3084908723831177,0.6440985202789307,0.06833599507808685,0.22943061590194702,0.044960204511880875
0.44374537467956543,0.00013285006571095437,0.4902171492576599,0.4427051842212677,0.5060067176818848,0.07603663206100464,0.3054063320159912,0.029036004096269608
0.37623220682144165,0.0005538890254683793,0.2701497972011566,0.5473169088363647,0.5288899540901184,0.058522503823041916,0.36387813091278076,0.009726693853735924
0.3492942154407501,0.0005402344977483153,0.4715083837509155,0.3673971891403198,0.6389498710632324,0.08327148854732513,0.35410740971565247,0.03521699085831642
0.4193548262119293,0.0008123637526296079,0.5260159373283386,0.44119927287101746,0.4790467917919159,0.0868634358048439,0.19092291593551636,0.026096472516655922
0.3631979823112488,0.0,0.3796596825122833,0.37818434834480286,0.49864405393600464,0.14700543880462646,0.37359657883644104,0.055180132389068604
0.563238799571991,3.9914353692438453e-05,0.41109132766723633,0.27254098653793335,0.3853520452976227,0.11446540802717209,0.17583532631397247,0.02525762841105461
0.6148602366447449,0.0002755160676315427,0.3236294090747833,0.43119266629219055,0.34996497631073,0.0594315230846405,0.0677204430103302,0.047553371638059616
0.4438447654247284,0.00013568993017543107,0.5291113257408142,0.4853014349937439,0.4596286416053772,0.1365298628807068,0.2929864227771759,0.05647069215774536
0.5141791105270386,0.00037606304977089167,0.28722304105758667,0.3545384109020233,0.5805428624153137,0.13437457382678986,0.33587291836738586,0.14945758879184723
0.4327552020549774,0.00023492396576330066,0.44737356901168823,0.4663212299346924,0.517497181892395,0.08995919674634933,0.300808310508728,0.09446944296360016
0.4065708518028259,0.0003632639127317816,0.24837544560432434,0.409376859664917,0.42600515484809875,0.06601683795452118,0.14256830513477325,0.06925301253795624
0.4594031870365143,1.4404354260477703e-06,0.45590126514434814,0.492818683385849,0.5335670113563538,0.08191919326782227,0.2788418233394623,0.06137673929333687
0.4602169990539551,5.685698852175847e-05,0.33899158239364624,0.39178407192230225,0.465482622385025,0.14950117468833923,0.10445407778024673,0.04955095425248146
0.46705323457717896,0.00022096479369793087,0.4129166007041931,0.4590719938278198,0.1302730292081833,0.07303264737129211,0.16379056870937347,0.017962587997317314
0.41041040420532227,6.518683221656829e-05,0.2791467308998108,0.48825377225875854,0.428855836391449,0.025614753365516663,0.04492023587226868,0.06438210606575012
0.483619749546051,0.0,0.2522602081298828,0.12489943951368332,0.529898464679718,0.021378709003329277,0.2859184741973877,0.05643865093588829
0.39456257224082947,0.00022543886734638363,0.3233048915863037,0.30070236325263977,0.6677933931350708,0.009009009227156639,0.34287211298942566,0.04166276380419731
0.27898088097572327,0.0,0.207159623503685,0.5955766439437866,0.549980640411377,0.0,0.3336264193058014,0.041149917989969254
0.6188373565673828,0.00053104676771909,0.3623529374599457,0.47478702664375305,0.4834151566028595,0.039258189499378204,0.27195456624031067,0.06055281311273575
0.2213670015335083,0.00017755443695932627,0.11384514719247818,0.22636555135250092,0.5343573689460754,0.050747036933898926,0.2256777435541153,0.029162956401705742
0.3959595859050751,0.00014708969683852047,0.2847786545753479,0.30882352590560913,0.4705740511417389,0.05022744461894035,0.11046122759580612,0.08798380196094513
0.4046870470046997,0.00010126069537363946,0.4645526111125946,0.33548983931541443,0.4329768717288971,0.0808299109339714,0.2854693830013275,0.07996254414319992
0.3643597662448883,0.0002697520249057561,0.21247144043445587,0.22583825886249542,0.5807327628135681,0.052854813635349274,0.19681821763515472,0.12867996096611023
0.4290960431098938,0.0006454328540712595,0.0,0.28307443857192993,0.566375732421875,0.04111165925860405,0.27119046449661255,0.09227871894836426
0.6661083102226257,0.00044399782200343907,0.3116792142391205,0.3742526173591614,0.5729453563690186,0.09720688313245773,0.2724030911922455,0.04315821826457977
0.7441717982292175,0.0,0.3981543481349945,0.4189378619194031,0.30857327580451965,0.057747285813093185,0.22608886659145355,0.01726284623146057
0.3789411187171936,0.00013639850658364594,0.3185889422893524,0.5947516560554504,0.5899611711502075,0.11098570376634598,0.07891520112752914,0.07301128655672073
0.4622020423412323,0.0003605907259043306,0.24790862202644348,0.44968220591545105,0.6276745796203613,0.13691619038581848,0.39591512084007263,0.06500809639692307
0.2840367555618286,0.0,0.19692982733249664,0.37993815541267395,0.7168794274330139,0.08614599704742432,0.25954076647758484,0.09901868551969528
0.36193662881851196,0.0001528769062133506,0.29405054450035095,0.5378349423408508,0.6679546236991882,0.06690684705972672,0.556504487991333,0.05732091888785362
0.3539985418319702,0.00046631466830149293,0.2457798719406128,0.33241626620292664,0.5390491485595703,0.06366048008203506,0.3738497197628021,0.08856048434972763
0.4569060802459717,0.0,0.3743347227573395,0.21602125465869904,0.5916926860809326,0.0010964912362396717,0.2049797922372818,0.11157844960689545
0.45426830649375916,0.00021999383170623332,0.37829601764678955,0.4835507571697235,0.7037302255630493,0.06698920577764511,0.3871449828147888,0.14841023087501526
0.4591046869754791,0.000270427786745131,0.5013328194618225,0.33064621686935425,0.6406986117362976,0.07747086882591248,0.3348531424999237,0.08545836061239243
0.7549306154251099,0.0003962018818128854,0.4244806170463562,0.5351551175117493,0.5322703123092651,0.14065158367156982,0.3860759437084198,0.09455618262290955
0.538992702960968,0.0001617979578441009,0.4906288981437683,0.6710895895957947,0.42654433846473694,0.07990466803312302,0.30598926544189453,0.07720902562141418
0.366580605506897,0.0003679690125863999,0.5432616472244263,0.6020490527153015,0.4773896038532257,0.07912928611040115,0.15161888301372528,0.0801137238740921
0.5245389342308044,0.0010005633812397718,0.38386279344558716,0.5036323070526123,0.7041656970977783,0.08991711586713791,0.3800068497657776,0.07352008670568466
0.45331695675849915,0.0,0.2747225761413574,0.029370630159974098,0.5442584753036499,0.032663315534591675,0.35412389039993286,0.10297153145074844
0.3864597976207733,0.00030605605570599437,0.5351351499557495,0.6274752616882324,0.527402400970459,0.009248385205864906,0.17289131879806519,0.08597860485315323
0.5942623019218445,0.00020612393564078957,0.4891897439956665,0.3452380895614624,0.5499561429023743,0.01939426176249981,0.3582697808742523,0.11940387636423111
0.46630859375,0.00010236089292448014,0.5110065340995789,0.4891347289085388,0.5364236831665039,0.11667554825544357,0.39049631357192993,0.10197676718235016
0.4480145573616028,0.00036168834776617587,0.6403860449790955,0.4754391610622406,0.4212101995944977,0.1375497579574585,0.08995968848466873,0.13457293808460236
0.3997058868408203,0.000714113877620548,0.12841610610485077,0.40764331817626953,0.6000909805297852,0.12287581712007523,0.3001699447631836,0.049275755882263184
0.5249144434928894,0.0005613781395368278,0.3552606403827667,0.4079800546169281,0.6730049848556519,0.11936475336551666,0.2415459007024765,0.0334155447781086
0.5052273273468018,0.0005546830361708999,0.45372217893600464,0.6098716259002686,0.6695827841758728,0.042294807732105255,0.3250320851802826,0.04019826278090477
0.4151661992073059,0.00013776255946140736,0.539837121963501,0.5095437169075012,0.4786778390407562,0.054688598960638046,0.16097897291183472,0.11414065212011337
0.6448351740837097,0.0,0.6243259310722351,0.4878242313861847,0.7459203600883484,0.1320534199476242,0.4134312570095062,0.13624778389930725
0.5508406758308411,3.566071882232791e-06,0.4417246878147125,0.6959908604621887,0.5275407433509827,0.04617546498775482,0.08116045594215393,0.049445223063230515
0.5190058350563049,0.00010095108882524073,0.6147047281265259,0.496971994638443,0.602982223033905,0.031387809664011,0.4307648241519928,0.10053731501102448
0.34275949001312256,1.283271467400482e-05,0.3371140658855438,0.2648250460624695,0.44840526580810547,0.06655074656009674,0.33502212166786194,0.09022777527570724
0.4139125943183899,1.89352358574979e-05,0.4168289303779602,0.3705541789531708,0.5204509496688843,0.0928700789809227,0.24374920129776,0.10884353518486023
0.38561469316482544,0.0002745326200965792,0.38864564895629883,0.44944116473197937,0.42799171805381775,0.042553190141916275,0.1462743580341339,0.03168003261089325
0.5338950753211975,0.0001321164600085467,0.25644370913505554,0.4720403850078583,0.672707736492157,0.1730252504348755,0.3949485719203949,0.09258206933736801
0.4718393087387085,0.00013215748185757548,0.39850446581840515,0.5787201523780823,0.6135399341583252,0.104528047144413,0.5264008045196533,0.1357617825269699
0.528978168964386,0.00039321507210843265,0.5279930830001831,0.6935268044471741,0.6076687574386597,0.08289578557014465,0.5237711071968079,0.0934910848736763
0.3502141535282135,0.00011588678898988292,0.6266258358955383,0.4741688072681427,0.6939651966094971,0.037496551871299744,0.5261884331703186,0.16381244361400604
0.49876338243484497,0.00040117677417583764,0.5033259391784668,0.6158798336982727,0.6055739521980286,0.04526166990399361,0.35533931851387024,0.10002367198467255
0.3661527633666992,0.0,0.4523440897464752,0.44557684659957886,0.5562366247177124,0.05994349718093872,0.4403872787952423,0.12178272753953934
0.5954407453536987,0.00011783379159169272,0.6537242531776428,0.39373040199279785,0.5129643678665161,0.11234662681818008,0.18983450531959534,0.08317803591489792
0.6706427931785583,0.0007353990222327411,0.28424957394599915,0.43860721588134766,0.571792483329773,0.13395226001739502,0.23223543167114258,0.0432274304330349
0.3860386908054352,0.00013644863793160766,0.7387964129447937,0.4156360328197479,0.604418933391571,0.09375,0.4074406921863556,0.06418655067682266
0.619350254535675,0.000919436919502914,0.30454808473587036,0.3751581013202667,0.5122662782669067,0.2188769429922104,0.44367358088493347,0.16535644233226776
0.5496714115142822,0.0002819119254127145,0.3916962146759033,0.5472899079322815,0.641308069229126,0.1709868162870407,0.47731027007102966,0.13044939935207367
0.4873563349246979,0.0003923442563973367,0.35843607783317566,0.41554582118988037,0.4830777049064636,0.06074681133031845,0.36812925338745117,0.09590297192335129
0.43118441104888916,1.792996408767067e-05,0.5162021517753601,0.5842662453651428,0.5540449619293213,0.10694975405931473,0.4423449635505676,0.10439897328615189
0.4422087073326111,0.00011541804997250438,0.4683249890804291,0.5133889317512512,0.5192588567733765,0.19779035449028015,0.1496695578098297,0.08535392582416534
0.4363992214202881,0.0001985704293474555,0.5367972254753113,0.4589580297470093,0.21963810920715332,0.05873339995741844,0.18991822004318237,0.03074054792523384
0.4055415689945221,6.955864955671132e-05,0.37550732493400574,0.4711359441280365,0.5630435347557068,0.05284415930509567,0.03854088485240936,0.15233317017555237
0.43520045280456543,0.0,0.17114384472370148,0.1813901960849762,0.5933877825737,0.06497462093830109,0.28190818428993225,0.08332094550132751
0.4424898624420166,0.00015545767382718623,0.3223361670970917,0.4469393193721771,0.7119174003601074,0.006640625186264515,0.49869951605796814,0.11744067817926407
0.3467230498790741,0.0,0.14298582077026367,0.4032866954803467,0.5550715327262878,0.0,0.40248584747314453,0.03874729573726654
0.6926526427268982,0.0006694727926515043,0.34629324078559875,0.36012691259384155,0.5983942151069641,0.0701986774802208,0.3617718815803528,0.19607429206371307
0.25762152671813965,0.00014862096577417105,0.20943449437618256,0.3814786672592163,0.5218907594680786,0.09733840078115463,0.3633386790752411,0.030249109491705894
0.2179870456457138,0.00019983373931609094,0.22337494790554047,0.31964191794395447,0.5617468953132629,0.058186136186122894,0.12683627009391785,0.1215946152806282
0.3731215000152588,7.486192771466449e-05,0.3834284543991089,0.5807148218154907,0.40114572644233704,0.08819188177585602,0.2930041551589966,0.05091383680701256
0.47731533646583557,0.00016207134467549622,0.26127660274505615,0.266520231962204,0.6294999122619629,0.12265478074550629,0.33148619532585144,0.13632918894290924
0.410979688167572,0.0005907331360504031,0.015130288898944855,0.051168292760849,0.5271626114845276,0.0,0.478944331407547,0.07818979769945145
0.4730191230773926,0.0005428467993624508,0.38622578978538513,0.5036048293113708,0.6225302219390869,0.13085372745990753,0.4307328760623932,0.16971595585346222
0.46576839685440063,0.0,0.43492165207862854,0.3926596939563751,0.35367900133132935,0.10839574038982391,0.32660260796546936,0.03957568481564522
0.3079916834831238,8.629456715425476e-05,0.4206221401691437,0.524138867855072,0.590158998966217,0.13037249445915222,0.14836768805980682,0.06931979954242706
0.4226679503917694,0.0002273038262501359,0.2392805963754654,0.3507530391216278,0.554255485534668,0.22828328609466553,0.39243918657302856,0.07436326146125793
0.2826734781265259,0.0,0.16651146113872528,0.3125763237476349,0.7289920449256897,0.18157058954238892,0.3282812535762787,0.14632141590118408
0.4097342789173126,0.0001670356868999079,0.49220433831214905,0.6254385709762573,0.6975708603858948,0.05741410329937935,0.6409993767738342,0.15496353805065155
0.39948931336402893,0.00042100815335288644,0.2917850911617279,0.3354831039905548,0.504562258720398,0.04983922839164734,0.4415343701839447,0.13049659132957458
0.4340795874595642,1.0631429177010432e-05,0.3406952917575836,0.35487180948257446,0.623666524887085,0.01962616853415966,0.2880019247531891,0.1720922440290451
0.3920174837112427,0.0002819718501996249,0.4134664535522461,0.6218565106391907,0.721648097038269,0.09574468433856964,0.5977884531021118,0.20694905519485474
0.5094524025917053,0.00024857447715476155,0.5080918073654175,0.3888642191886902,0.5948647260665894,0.11940639466047287,0.3898064196109772,0.0972573533654213
0.6800482869148254,0.0003859818389173597,0.4576110541820526,0.49558255076408386,0.5602222681045532,0.15691795945167542,0.3353561460971832,0.09889215975999832
0.5724955797195435,0.0,0.5364665389060974,0.6243452429771423,0.444276362657547,0.09802992641925812,0.37460553646087646,0.11107446998357773
0.4409468173980713,0.0006212847074493766,0.6992987394332886,0.678280770778656,0.4796004295349121,0.09954609721899033,0.1718311905860901,0.147012397646904
0.5653315782546997,0.0013800821034237742,0.593707263469696,0.558477520942688,0.7419247031211853,0.10853001475334167,0.36887702345848083,0.09818846732378006
0.5630611181259155,0.0,0.29145729541778564,0.05207100510597229,0.5810204148292542,0.0805673748254776,0.5172221660614014,0.2073383331298828
0.46022728085517883,9.099315502680838e-05,0.4280538260936737,0.530524492263794,0.5667152404785156,0.014388489536941051,0.4639716148376465,0.14156639575958252
0.6047393083572388,0.00010271985229337588,0.5815206170082092,0.46359384059906006,0.5736322999000549,0.04948453605175018,0.5163580179214478,0.16031035780906677
0.5364693403244019,0.00013148397556506097,0.5637021660804749,0.539522647857666,0.6017444133758545,0.14801980555057526,0.5082969069480896,0.14160244166851044
0.536745011806488,0.00022335315588861704,0.724001944065094,0.6662627458572388,0.5700269937515259,0.2571178376674652,0.17061612010002136,0.1530391424894333
0.4140290915966034,0.000638164347037673,0.22991248965263367,0.5281054973602295,0.5840336084365845,0.1409749686717987,0.28109386563301086,0.0948137566447258
0.5057823061943054,0.00044196457020007074,0.3418630361557007,0.4141654074192047,0.6558865904808044,0.09733237326145172,0.2869666814804077,0.07058192044496536
0.5083135366439819,0.0006042960449121892,0.4250675141811371,0.6449791789054871,0.6586154103279114,0.1399424821138382,0.4816279411315918,0.12476853281259537
0.3940449655056,0.00018484197789803147,0.4829253554344177,0.47247782349586487,0.43892982602119446,0.14281150698661804,0.23635929822921753,0.22292526066303253
0.5778384804725647,2.1781195755465887e-05,0.5195849537849426,0.5866065621376038,0.7509362101554871,0.23975566029548645,0.5281715393066406,0.25485625863075256
0.6231440901756287,4.79580121464096e-05,0.4889647364616394,0.7098259925842285,0.5392358303070068,0.15173116326332092,0.11771944165229797,0.06982183456420898
0.5663543939590454,9.121610492002219e-05,0.6248148083686829,0.6229116916656494,0.6527609825134277,0.13553431630134583,0.580473780632019,0.14277875423431396
0.3776315748691559,0.0,0.29223743081092834,0.3375065326690674,0.4999440312385559,0.06367583572864532,0.6716764569282532,0.12735307216644287
0.419034481048584,0.0,0.43985220789909363,0.3666827380657196,0.4617120921611786,0.12177328765392303,0.30856508016586304,0.18544919788837433
0.3932861089706421,0.0001278576673939824,0.37875425815582275,0.42584195733070374,0.6082883477210999,0.028991108760237694,0.21019332110881805,0.0005525879678316414
0.5820327401161194,6.637503247475252e-05,0.4284134805202484,0.4153127670288086,0.7034578323364258,0.1629353165626526,0.5442613959312439,0.19744369387626648
0.4871031641960144,0.0001325953780906275,0.6519761085510254,0.6432256102561951,0.605457603931427,0.17082785069942474,0.5615004301071167,0.23887231945991516
0.5184634327888489,0.0003856205439660698,0.49992161989212036,0.6868161559104919,0.660347580909729,0.09482496231794357,0.6231544017791748,0.15647844970226288
0.39978864789009094,0.00012275762856006622,0.5621510148048401,0.4643723666667938,0.7077583074569702,0.11298166960477829,0.4443608522415161,0.23824451863765717
0.5736230611801147,0.0006561448099091649,0.472380131483078,0.4642293155193329,0.6752570867538452,0.12509582936763763,0.30564814805984497,0.18115557730197906
0.4787495732307434,0.0,0.5056043863296509,0.41642042994499207,0.6567916870117188,0.07850467413663864,0.5531026124954224,0.25022464990615845
0.4613473117351532,0.0001406665687682107,0.29398271441459656,0.43112513422966003,0.5657674074172974,0.11940298229455948,0.17568646371364594,0.12561196088790894
0.5527851581573486,0.0006149408873170614,0.5304243564605713,0.5552395582199097,0.5126293897628784,0.003355704713612795,0.26311764121055603,0.0593351386487484
0.4418972432613373,0.00013741463772021234,0.4731277525424957,0.5179597735404968,0.5108088850975037,0.0,0.37141153216362,0.13408255577087402
0.6278995871543884,0.0008967599715106189,0.32831835746765137,0.5069699287414551,0.5772784352302551,0.026100507006049156,0.5333184003829956,0.2528820335865021
0.4719753861427307,0.00022847068612463772,0.615781307220459,0.6436464190483093,0.6211078763008118,0.044957853853702545,0.4410315752029419,0.1746237725019455
0.46158984303474426,0.0004578355292323977,0.36464884877204895,0.4780946373939514,0.5051265954971313,0.08173912763595581,0.4204968214035034,0.13330493867397308
0.47677260637283325,3.425454633543268e-05,0.5119138956069946,0.47866159677505493,0.584663450717926,0.0944838896393776,0.4978400766849518,0.2511740028858185
0.48142120242118835,0.00010852241393877193,0.49975526332855225,0.43191248178482056,0.4715145230293274,0.17242476344108582,0.23282058537006378,0.14641888439655304
0.4391160309314728,0.00020611593208741397,0.4943329095840454,0.6281704902648926,0.23800373077392578,0.04565113037824631,0.3889872431755066,0.0347280353307724
0.45541054010391235,0.000100101919088047,0.39666372537612915,0.5344762802124023,0.5550721883773804,0.0267254039645195,0.024858063086867332,0.20169934630393982
0.48641377687454224,0.0,0.21686533093452454,0.2720254361629486,0.6216349601745605,0.002654867246747017,0.36822664737701416,0.23071691393852234
0.38909968733787537,0.00021391328482422978,0.260893851518631,0.4672454595565796,0.6873468160629272,0.1089576929807663,0.47070178389549255,0.16859835386276245
0.35594573616981506,0.0,0.28565752506256104,0.5550332069396973,0.619094967842102,0.014035845175385475,0.3840702474117279,0.1092970073223114
0.6645686626434326,0.0006687737186439335,0.5402432084083557,0.5071566104888916,0.5699417591094971,0.04105803370475769,0.34718087315559387,0.28401145339012146
0.23863635957241058,0.00030462638824246824,0.18388105928897858,0.1619623601436615,0.5318809747695923,0.07643958181142807,0.3883587121963501,0.1192341148853302
0.4442601203918457,0.0003258911892771721,0.3675467073917389,0.5758737325668335,0.6240034103393555,0.07867517322301865,0.25838297605514526,0.16246074438095093
0.5225123167037964,0.00013327982742339373,0.5986188054084778,0.6848130822181702,0.43576672673225403,0.13954176008701324,0.25882193446159363,0.10503273457288742
0.5808985233306885,0.0002459414245095104,0.429912805557251,0.37505826354026794,0.6291830539703369,0.1542755663394928,0.3062291443347931,0.2820146679878235
0.4543604552745819,0.0006794535438530147,0.019364161416888237,0.17984122037887573,0.5558250546455383,0.020123204216361046,0.4660674035549164,0.15787933766841888
0.6047223210334778,0.0003983832721132785,0.4864667057991028,0.44346708059310913,0.6220473647117615,0.0805538073182106,0.43235936760902405,0.08000245690345764
0.6287027597427368,0.0,0.251088410615921,0.3419203758239746,0.3690033257007599,0.04309431463479996,0.3844197690486908,0.049152299761772156
0.27483123540878296,0.00010723467130446807,0.2567594349384308,0.5043467283248901,0.6363062858581543,0.1846456676721573,0.2004995495080948,0.11953215301036835
0.3774949312210083,0.00023537609376944602,0.22033588588237762,0.5088945627212524,0.6542776823043823,0.13619540631771088,0.41985955834388733,0.10890994966030121
0.308715283870697,0.0,0.1438356190919876,0.40496721863746643,0.7380715608596802,0.06804988533258438,0.41923415660858154,0.24290812015533447
0.42896243929862976,0.0003609112463891506,0.47575250267982483,0.5742427706718445,0.6875745058059692,0.06732437759637833,0.6357761025428772,0.16211603581905365
0.4244379699230194,0.0005396779743023217,0.29098081588745117,0.3235185742378235,0.5285791754722595,0.08772455155849457,0.4368618428707123,0.1063074842095375
0.46540361642837524,1.6152343960129656e-05,0.39955753087997437,0.33524826169013977,0.6302573084831238,0.04992012679576874,0.26325705647468567,0.21329452097415924
0.37776005268096924,0.0005355114117264748,0.5230262875556946,0.6431068181991577,0.737030029296875,0.08585858345031738,0.5536814332008362,0.2605854570865631
0.4497566521167755,0.00046596614993177354,0.47985348105430603,0.4236174523830414,0.6318478584289551,0.0803874060511589,0.4444636106491089,0.13133415579795837
0.6682408452033997,0.00016618231893517077,0.5896477103233337,0.622520923614502,0.5971359610557556,0.18347305059432983,0.5615076422691345,0.15924996137619019
0.6170305609703064,0.0,0.5690159201622009,0.5948792099952698,0.4866926372051239,0.1264146864414215,0.6692792177200317,0.08526133745908737
0.48179349303245544,0.00043166434625163674,0.6452258229255676,0.5111792087554932,0.5020534992218018,0.11660978198051453,0.28378191590309143,0.11047051846981049
0.5819319486618042,0.0013458128087222576,0.46900224685668945,0.5542322993278503,0.7574387192726135,0.08931846916675568,0.6093557476997375,0.13802601397037506
0.5437970757484436,0.0,0.2808518707752228,0.044692736119031906,0.5474892258644104,0.06736194342374802,0.5426329374313354,0.2299090474843979
0.3710714280605316,0.00015321421960834414,0.3992437720298767,0.6664956212043762,0.5822945833206177,0.06898169964551926,0.4094950556755066,0.2625485956668854
0.6669811606407166,0.00020572014909703285,0.5626828074455261,0.44863012433052063,0.6426417231559753,0.06148409843444824,0.5651578307151794,0.2696937918663025
0.5989904403686523,0.00014871508756186813,0.5994923710823059,0.4783203899860382,0.6542060971260071,0.11856963485479355,0.604662299156189,0.24988070130348206
0.6288896203041077,0.00015869986964389682,0.6663181185722351,0.6064213514328003,0.5516868233680725,0.262890100479126,0.13566361367702484,0.16447921097278595
0.40366971492767334,0.00045821102685295045,0.2904341220855713,0.47840386629104614,0.5701301693916321,0.10185933858156204,0.3572378158569336,0.10890379548072815
0.5803937911987305,0.00019786725169979036,0.3884423077106476,0.4528180956840515,0.6713647842407227,0.031572163105010986,0.3693886995315552,0.09963595867156982
0.5702658891677856,0.0004254684317857027,0.6660301685333252,0.6712110042572021,0.7195398211479187,0.11858237534761429,0.5774516463279724,0.17585641145706177
0.4792064130306244,0.00017259549349546432,0.6143245100975037,0.5520689487457275,0.5261126160621643,0.14497850835323334,0.22970989346504211,0.27397453784942627
0.6511725187301636,2.4565644707763568e-05,0.5736391544342041,0.555087149143219,0.759731113910675,0.27371811866760254,0.669718861579895,0.31262120604515076
0.6025892496109009,5.044051431468688e-05,0.48222923278808594,0.7719760537147522,0.5553697943687439,0.16876310110092163,0.13566350936889648,0.18355301022529602
0.5809926986694336,0.00014332907448988408,0.6281085014343262,0.6817343235015869,0.675666093826294,0.13140764832496643,0.6231075525283813,0.260356068611145
0.34630921483039856,1.4024065421835985e-05,0.40799635648727417,0.45467522740364075,0.527427613735199,0.13834692537784576,0.7068463563919067,0.08957002311944962
0.45962733030319214,1.9466317098704167e-05,0.5542884469032288,0.5242795944213867,0.5584726333618164,0.19788359105587006,0.4439995586872101,0.14443016052246094
0.42705217003822327,0.0001578086375957355,0.5191890001296997,0.5968860983848572,0.5429757237434387,0.05672823265194893,0.24430538713932037,0.00917130708694458
0.5182482004165649,7.929674029583111e-05,0.5111706852912903,0.5583430528640747,0.7135307788848877,0.1773088574409485,0.6047156453132629,0.2295411378145218
0.5219780206680298,0.00013282302825246006,0.534742534160614,0.5893628597259521,0.6059501767158508,0.23020005226135254,0.5973602533340454,0.23535357415676117
0.5697299838066101,0.000420084543293342,0.5530736446380615,0.6636090874671936,0.6374145150184631,0.09052333980798721,0.6525409817695618,0.20353099703788757
0.46140825748443604,0.00012587240780703723,0.5930993556976318,0.5329596400260925,0.6804109811782837,0.23477943241596222,0.5700420141220093,0.2899130880832672
0.6449652910232544,0.0006219829083420336,0.6448087692260742,0.6212446093559265,0.6505259871482849,0.09324008971452713,0.48862701654434204,0.16363821923732758
0.6730310320854187,0.0,0.5534636974334717,0.4670983850955963,0.6558061242103577,0.06485892087221146,0.6256424784660339,0.3084881901741028
0.596281111240387,0.000127707258798182,0.5063559412956238,0.31530067324638367,0.5590227842330933,0.1808617264032364,0.16929380595684052,0.14444445073604584
0.6618222594261169,0.0005248799570836127,0.6728571653366089,0.4765373766422272,0.5321016311645508,0.10519125312566757,0.31700053811073303,0.2185477316379547
0.4557240605354309,0.00013762537855654955,0.6122221946716309,0.7364457845687866,0.6126248836517334,0.15088967978954315,0.5718878507614136,0.2057943493127823
0.569291353225708,0.0009623444057069719,0.30980294942855835,0.40896740555763245,0.557610809803009,0.2494918704032898,0.629050612449646,0.2907658815383911
0.5877193212509155,0.00015867194451857358,0.6390840411186218,0.6310366988182068,0.6264233589172363,0.20038381218910217,0.4302732050418854,0.2189435362815857
0.5271157026290894,0.00025785143952816725,0.44475430250167847,0.6982408761978149,0.570978045463562,0.06359699368476868,0.47911393642425537,0.15555216372013092
0.46559298038482666,3.57492572220508e-05,0.33539435267448425,0.6153214573860168,0.6133223176002502,0.11455367505550385,0.4133279323577881,0.2612922489643097
0.5319217443466187,3.7942292692605406e-05,0.6009663343429565,0.5359419584274292,0.5293664932250977,0.16749073565006256,0.23109842836856842,0.2060783952474594
0.49486714601516724,0.00011061495752073824,0.6692243218421936,0.6403249502182007,0.24310967326164246,0.11115553975105286,0.3672768771648407,0.00968188140541315
0.4993288516998291,8.111401984933764e-05,0.4951944053173065,0.6347125768661499,0.6012138724327087,0.09385665506124496,0.1087762638926506,0.21645529568195343
0.5715222954750061,0.0,0.4281904697418213,0.2567612826824188,0.6193792223930359,0.04049844294786453,0.5814783573150635,0.19634921848773956
0.5156705379486084,0.00021477186237461865,0.33039647340774536,0.5902203917503357,0.6420775651931763,0.10312129557132721,0.5414885878562927,0.1400700807571411
0.39094308018684387,0.0,0.38634657859802246,0.5554624199867249,0.5757474899291992,0.05246203392744064,0.44754666090011597,0.14387071132659912
0.6652763485908508,0.0002114311937475577,0.5717474222183228,0.7110660672187805,0.6517749428749084,0.0758821964263916,0.4585443139076233,0.3196796476840973
0.2590152621269226,7.667616046092007e-06,0.29192546010017395,0.37631887197494507,0.5812382102012634,0.022891055792570114,0.5201560258865356,0.12706705927848816
0.5493291020393372,6.479562580352649e-05,0.4013262689113617,0.5593170523643494,0.6971584558486938,0.11294691264629364,0.3577275574207306,0.2765424847602844
0.5328947305679321,5.801753286505118e-05,0.638489842414856,0.5636722445487976,0.5048003792762756,0.21150410175323486,0.5064426064491272,0.16643425822257996
0.5305677056312561,0.00028333617956377566,0.2833632826805115,0.38274630904197693,0.6364227533340454,0.13317249715328217,0.34523457288742065,0.29480403661727905
0.5111374855041504,0.0005657062283717096,0.47655704617500305,0.1915266066789627,0.5608996152877808,0.09328563511371613,0.5767820477485657,0.1769607812166214
0.5961973667144775,0.0003829511406365782,0.47450706362724304,0.5618526935577393,0.6525670289993286,0.2380281686782837,0.568877100944519,0.36976394057273865
0.7862440943717957,0.0,0.41393721103668213,0.5361269116401672,0.32899656891822815,0.11472275108098984,0.5260291695594788,0.09298959374427795
0.3438798189163208,0.00011104140139650553,0.5335957407951355,0.602053701877594,0.6890193819999695,0.20977851748466492,0.2881762683391571,0.18507811427116394
0.46181514859199524,0.0003363830328453332,0.3619966506958008,0.5007684230804443,0.6500862240791321,0.17070162296295166,0.5546192526817322,0.14519214630126953
0.3245595097541809,3.909246879629791e-05,0.31542760133743286,0.4747518301010132,0.734216570854187,0.106963612139225,0.525388777256012,0.2682275176048279
0.41706159710884094,0.00038380935438908637,0.5766996145248413,0.6805464029312134,0.7201499342918396,0.09271717071533203,0.7114684581756592,0.3060315251350403
0.37667304277420044,0.00041492702439427376,0.38142406940460205,0.5008187294006348,0.5936066508293152,0.16395927965641022,0.6683501601219177,0.14608687162399292
0.44070708751678467,0.0,0.4458119571208954,0.3798076808452606,0.6366387605667114,0.008922443725168705,0.33868566155433655,0.24875645339488983
0.4140875041484833,0.00032374769216403365,0.4831311106681824,0.7069610953330994,0.7517098188400269,0.1299462616443634,0.6858378648757935,0.31324148178100586
0.5063682198524475,0.000427026126999408,0.5838121175765991,0.5760138630867004,0.6765608787536621,0.08979824185371399,0.4546930193901062,0.23601315915584564
0.7094231247901917,0.00040783119038678706,0.7079443335533142,0.6948953866958618,0.620521605014801,0.2110651284456253,0.6193372011184692,0.24510374665260315
0.5705236196517944,0.0,0.5725024938583374,0.6981536149978638,0.5020409226417542,0.12886829674243927,0.4484214186668396,0.155425027012825
0.4714186489582062,0.0002846378192771226,0.7568546533584595,0.6773256063461304,0.5016058087348938,0.13796958327293396,0.22345946729183197,0.17146918177604675
0.47510093450546265,0.0008905631257221103,0.4962379038333893,0.6521739363670349,0.7684342265129089,0.16844207048416138,0.5458998680114746,0.21406970918178558
0.5812422633171082,0.0,0.3658170998096466,0.037473976612091064,0.5764175653457642,0.090543732047081,0.6518256068229675,0.3241358697414398
0.47309744358062744,0.0002862404508050531,0.5790840983390808,0.7595969438552856,0.5666958093643188,0.05520614981651306,0.5122767686843872,0.22797763347625732
0.6335466504096985,0.0002037857921095565,0.748106062412262,0.5171306133270264,0.5661489963531494,0.0,0.6379103064537048,0.35164692997932434
0.5371660590171814,0.0001365055504720658,0.7251923680305481,0.631761908531189,0.6259350180625916,0.20089037716388702,0.6428324580192566,0.24230262637138367
0.6294400691986084,0.00014349230332300067,0.7735911011695862,0.6847535967826843,0.5477416515350342,0.3683083653450012,0.15367232263088226,0.21615301072597504
0.468492329120636,0.0002910375187639147,0.47970348596572876,0.6101265549659729,0.5628671050071716,0.15790992975234985,0.47410744428634644,0.11917629092931747
0.45202019810676575,0.0004062098159920424,0.5087040662765503,0.5256186127662659,0.6512570977210999,0.05914270132780075,0.45179346203804016,0.10061214864253998
0.5615384578704834,0.0002684845239855349,0.7653123140335083,0.8081167936325073,0.7273692488670349,0.1706443876028061,0.6037260890007019,0.1477840393781662
0.4112120270729065,0.00018905806064140052,0.5594705939292908,0.6281601786613464,0.512116551399231,0.15222440659999847,0.2639400064945221,0.2819519340991974
0.6718890070915222,3.5812896385323256e-05,0.6181325912475586,0.5736916661262512,0.7279056906700134,0.2807970941066742,0.6571810245513916,0.26893940567970276
0.6221137046813965,8.75310943229124e-05,0.6221489906311035,0.8123055100440979,0.5274586081504822,0.20579463243484497,0.23300136625766754,0.18048398196697235
0.5703874230384827,0.00014359252236317843,0.5719712972640991,0.7465753555297852,0.6333712339401245,0.18166384100914001,0.5228131413459778,0.2527584135532379
0.34841763973236084,3.086064680246636e-05,0.3613746464252472,0.5459025502204895,0.5129265785217285,0.07521186769008636,0.5392507910728455,0.1496092677116394
0.4020402729511261,9.044069884112105e-06,0.5077558159828186,0.4055366814136505,0.5082677602767944,0.1210268959403038,0.35809585452079773,0.18402090668678284
0.47372037172317505,0.00016688408504705876,0.5321225523948669,0.673833429813385,0.5909546613693237,0.0888047143816948,0.2486194670200348,0.012336719781160355
0.6071136593818665,7.676091627217829e-05,0.567667543888092,0.6496133208274841,0.7101709246635437,0.1325966864824295,0.590130090713501,0.33309993147850037
0.6116173267364502,0.00013220490654930472,0.5440924763679504,0.5858532786369324,0.6408067345619202,0.22268469631671906,0.607438325881958,0.3044329583644867
0.56874018907547,0.00048292658175341785,0.5982658863067627,0.7096061110496521,0.6710183620452881,0.0990738719701767,0.6830402612686157,0.2796529233455658
0.5080893635749817,0.00017215826665051281,0.679926335811615,0.57282555103302,0.7470536828041077,0.16283221542835236,0.5805466771125793,0.292464017868042
0.6245805621147156,0.0006646434776484966,0.5445665717124939,0.6193488836288452,0.6394311189651489,0.06574158370494843,0.48074784874916077,0.18860547244548798
0.5660457015037537,0.0,0.4114135503768921,0.474887877702713,0.649120569229126,0.09863480925559998,0.6389387845993042,0.3451571762561798
0.5611110925674438,0.00014644453767687082,0.6010003685951233,0.35466378927230835,0.5531951785087585,0.25443169474601746,0.20029069483280182,0.16424046456813812
0.6115657687187195,0.00034375456743873656,0.7284000515937805,0.6494449377059937,0.5232605934143066,0.11669580638408661,0.6122360825538635,0.22263482213020325
0.43683186173439026,0.00011360507778590545,0.32520776987075806,0.7322083711624146,0.6036667823791504,0.22148177027702332,0.6101441979408264,0.21732811629772186
0.6385575532913208,0.0008283688803203404,0.4564835727214813,0.5024284720420837,0.6028106212615967,0.28943970799446106,0.6493933796882629,0.3432277739048004
0.6494655609130859,0.00012085090565960854,0.729188084602356,0.6634989380836487,0.6518892049789429,0.17343802750110626,0.6095839738845825,0.28420862555503845
0.39540156722068787,0.00031927970121614635,0.43050655722618103,0.7424312829971313,0.5605723857879639,0.09126672148704529,0.580319344997406,0.13231703639030457
0.4703468978404999,0.00013327511260285974,0.47064030170440674,0.6270178556442261,0.6179713010787964,0.09786053746938705,0.47493976354599,0.21665386855602264
0.5459752082824707,4.3281339458189905e-05,0.554131031036377,0.49167031049728394,0.4931237995624542,0.19263456761837006,0.2954545319080353,0.2192324995994568
0.48004627227783203,0.00010261616262141615,0.5687164664268494,0.7017704844474792,0.2546176016330719,0.13107098639011383,0.41255685687065125,0.015444905497133732
0.48627451062202454,8.034186612349004e-05,0.4738357365131378,0.6637404561042786,0.6182640790939331,0.0878378376364708,0.12982264161109924,0.22223922610282898
0.569145679473877,0.0,0.23569482564926147,0.27297940850257874,0.6065152883529663,0.06092916801571846,0.54407799243927,0.15990519523620605
0.5687673687934875,0.00019712642824742943,0.2513382136821747,0.47433266043663025,0.5611233115196228,0.06726013869047165,0.5404853820800781,0.14519286155700684
0.43937233090400696,0.0,0.48236632347106934,0.7534733414649963,0.5361549258232117,0.062240663915872574,0.4739256799221039,0.12869445979595184
0.7117500901222229,0.0005932638887315989,0.6179664134979248,0.7159090638160706,0.679128885269165,0.11798469722270966,0.4369165599346161,0.3895125687122345
0.21658986806869507,9.34154013521038e-05,0.26457926630973816,0.4428498148918152,0.530853271484375,0.06939111649990082,0.5485209822654724,0.09331826120615005
0.6630597114562988,7.931455184007064e-05,0.5553393363952637,0.6028534173965454,0.7206820249557495,0.10334181040525436,0.46217018365859985,0.33067843317985535
0.6622364521026611,0.00012494043039623648,0.7115002274513245,0.6778361201286316,0.5141853094100952,0.16756385564804077,0.5453504920005798,0.20266440510749817
0.6155492067337036,0.00038601300911977887,0.31751444935798645,0.3410190939903259,0.6096130609512329,0.08331446349620819,0.4690159559249878,0.25627225637435913
0.5218800902366638,0.0007465406670235097,0.6339972615242004,0.6208658218383789,0.5367483496665955,0.1937652826309204,0.5794507265090942,0.14656315743923187
0.6523879766464233,0.0006100453319959342,0.5838359594345093,0.6428794860839844,0.6521294116973877,0.12690597772598267,0.5677494406700134,0.26867175102233887
0.7664148807525635,6.8808394644293e-06,0.6979824900627136,0.7577834725379944,0.3970700800418854,0.21426938474178314,0.5451460480690002,0.06659775227308273
0.3921951353549957,0.00012568834063131362,0.718142569065094,0.6311911344528198,0.6854255199432373,0.24205699563026428,0.28925180435180664,0.2669841945171356
0.48299697041511536,0.0003344906435813755,0.6701830625534058,0.543485164642334,0.5982741713523865,0.2116294801235199,0.5524335503578186,0.1563354879617691
0.3943108320236206,8.182532474165782e-05,0.32786884903907776,0.537102460861206,0.6909201741218567,0.2182254195213318,0.4923933744430542,0.29919978976249695
0.46631473302841187,0.00034039406455121934,0.620895504951477,0.7077715992927551,0.7072136998176575,0.13332028687000275,0.7668895721435547,0.2959091067314148
0.4864625036716461,0.0005387496203184128,0.5103477239608765,0.5078319907188416,0.5907232761383057,0.12558139860630035,0.6904003620147705,0.1354476511478424
0.48885753750801086,1.4744064174010418e-05,0.43254101276397705,0.3500734269618988,0.6738678216934204,0.024082116782665253,0.42902135848999023,0.3034719228744507
0.4750300943851471,0.0004802826151717454,0.6597174406051636,0.7653569579124451,0.7526509761810303,0.156521737575531,0.6809704303741455,0.39883118867874146
0.5547141432762146,0.0004721104050986469,0.7846904397010803,0.6213921904563904,0.6702201962471008,0.11233269423246384,0.5274567008018494,0.26071736216545105
0.8043633699417114,0.00029972955235280097,0.7205266952514648,0.715179979801178,0.622951090335846,0.18101243674755096,0.6102304458618164,0.27870091795921326
0.6438709497451782,0.0,0.6089017987251282,0.7244898080825806,0.4772592782974243,0.09242883324623108,0.5215657949447632,0.1409694403409958
0.5191500782966614,0.0003833150549326092,0.7493497133255005,0.6872782707214355,0.4901236891746521,0.18982188403606415,0.37028399109840393,0.16771066188812256
0.5805832743644714,0.0012588590616360307,0.6021369099617004,0.7257673144340515,0.7208402752876282,0.18257421255111694,0.6049454808235168,0.1753736287355423
0.613430917263031,0.0,0.46949052810668945,0.05607476457953453,0.5675152540206909,0.0833333358168602,0.49532145261764526,0.3440093994140625
0.47903430461883545,8.927619637688622e-05,0.8273280262947083,0.6210278272628784,0.5885708332061768,0.1451355665922165,0.7976071834564209,0.36969029903411865
0.6674465537071228,0.00020283112826291472,0.735251784324646,0.5786516666412354,0.6393000483512878,0.01706484705209732,0.7157959938049316,0.36790594458580017
0.5986682772636414,0.0002287621609866619,0.7004988193511963,0.4749540388584137,0.644650399684906,0.2207428216934204,0.6462079882621765,0.29810819029808044
0.6898733973503113,0.00018194722360931337,0.7775997519493103,0.6931777596473694,0.6123532056808472,0.37835901975631714,0.21933633089065552,0.23494099080562592
0.4793640971183777,0.0005690865218639374,0.37608277797698975,0.6092627048492432,0.5511792898178101,0.14599156379699707,0.440121054649353,0.1286318600177765
0.5667701959609985,0.00054572569206357,0.48502495884895325,0.5229995250701904,0.6700448393821716,0.18537233769893646,0.533974289894104,0.17619973421096802
0.6047324538230896,0.0003965370124205947,0.7552602291107178,0.7741107940673828,0.7171290516853333,0.16716277599334717,0.7206063270568848,0.17449457943439484
0.40904420614242554,0.00019720391719602048,0.5418182015419006,0.6048816442489624,0.5307062268257141,0.18220511078834534,0.3022402822971344,0.22695186734199524
0.579300045967102,2.9469341825461015e-05,0.6479447484016418,0.6650132536888123,0.7425748109817505,0.3546370267868042,0.706081748008728,0.3185376226902008
0.6144927740097046,4.3451113015180454e-05,0.5996480584144592,0.8406862616539001,0.5598539113998413,0.24802911281585693,0.21671460568904877,0.22125020623207092
0.5880469679832458,0.00011364242527633905,0.6707085967063904,0.7682981491088867,0.7065855860710144,0.15667465329170227,0.7160425782203674,0.2358420342206955
0.36659735441207886,2.0352634237497114e-05,0.40904098749160767,0.44167569279670715,0.5362808704376221,0.11325648427009583,0.7810624837875366,0.18039570748806
0.45954105257987976,2.086568929371424e-05,0.5805846452713013,0.6804717779159546,0.5853976011276245,0.19564415514469147,0.5607951879501343,0.20591413974761963
0.42546361684799194,0.00020215254335198551,0.6243410110473633,0.6538461446762085,0.5743964314460754,0.07467731833457947,0.2731720209121704,0.009502198547124863
0.6462078094482422,7.877523603383452e-05,0.6192436218261719,0.7019057273864746,0.7266311645507812,0.20181329548358917,0.6219545602798462,0.30813899636268616
0.5880163908004761,0.00013190991012379527,0.6341149210929871,0.6569616794586182,0.6756184101104736,0.17660142481327057,0.7451806664466858,0.32060250639915466
0.6212198734283447,0.000439194031059742,0.722908079624176,0.7261618375778198,0.7167569398880005,0.13058103621006012,0.7977060079574585,0.2615131437778473
0.4979296028614044,0.0001732863747747615,0.7163897156715393,0.5410856604576111,0.7389723658561707,0.23791159689426422,0.5825916528701782,0.36567047238349915
0.6576893329620361,0.0006723228143528104,0.6565537452697754,0.7013533115386963,0.6321697235107422,0.16020052134990692,0.5023564100265503,0.27058568596839905
0.6711111068725586,0.0,0.5262135863304138,0.5218434929847717,0.6685742139816284,0.12452001869678497,0.6697492599487305,0.35397353768348694
0.6040591597557068,0.0001355315907858312,0.695246160030365,0.37094905972480774,0.5658586025238037,0.19404835999011993,0.22280827164649963,0.1817660927772522
0.7321428656578064,0.0004410824039950967,0.6785995364189148,0.6406431794166565,0.530951738357544,0.19772808253765106,0.6840054988861084,0.4037691652774811
0.49428415298461914,0.00013587597641162574,0.46183499693870544,0.6389214396476746,0.5867618918418884,0.2420758306980133,0.7247626185417175,0.279666930437088
0.7014446258544922,0.0008952994248829782,0.4429347813129425,0.46779099106788635,0.5523321628570557,0.24135112762451172,0.7561567425727844,0.3448770046234131
0.6782140135765076,0.00021956153796054423,0.7880713939666748,0.6769015789031982,0.6143798828125,0.1867647022008896,0.6026797294616699,0.3600112497806549
0.5557461380958557,0.0003073756233789027,0.5306316018104553,0.6829188466072083,0.5894110798835754,0.10205624252557755,0.7000513672828674,0.17546622455120087
0.5558510422706604,3.4919225981866475e-06,0.5896017551422119,0.7392500638961792,0.5853255987167358,0.1374833583831787,0.5257723927497864,0.29171252250671387
0.544968843460083,3.584181467886083e-05,0.6839227080345154,0.5375548601150513,0.49530649185180664,0.21434997022151947,0.26904064416885376,0.2675049602985382
0.4950089454650879,3.192189979017712e-05,0.6960799098014832,0.6151450872421265,0.23603343963623047,0.13012754917144775,0.4784204065799713,0.12897759675979614
0.44765138626098633,0.00010230414045508951,0.5026259422302246,0.6766970157623291,0.5702361464500427,0.07422615587711334,0.15577130019664764,0.25639525055885315
0.5615840554237366,0.0,0.32023680210113525,0.2299698293209076,0.6087072491645813,0.08380237966775894,0.6550272703170776,0.24855360388755798
0.604640781879425,0.00026340343174524605,0.3629224896430969,0.6386285424232483,0.6439780592918396,0.24618148803710938,0.495419979095459,0.15926319360733032
0.41633352637290955,0.0,0.5415701866149902,0.7303102612495422,0.4526335299015045,0.08758314698934555,0.5640619397163391,0.20778951048851013
0.745076596736908,0.0005521869752556086,0.7040072679519653,0.5971062779426575,0.6780701875686646,0.31456658244132996,0.47328487038612366,0.3950853943824768
0.3130461871623993,0.00020747294183820486,0.43585237860679626,0.6078658103942871,0.5826722979545593,0.09054263681173325,0.5375691056251526,0.1729252189397812
0.6154842972755432,7.445361552527174e-05,0.4798746705055237,0.6512496471405029,0.7209446430206299,0.14337529242038727,0.4685562551021576,0.36207646131515503
0.7042783498764038,0.000169659688253887,0.7480016946792603,0.7329251170158386,0.51378333568573,0.19172267615795135,0.5245989561080933,0.2035636305809021
0.6996157765388489,0.0003860616416204721,0.46068549156188965,0.5030492544174194,0.6459012031555176,0.08847907185554504,0.5228708386421204,0.2930208742618561
0.5498687624931335,0.0007713111117482185,0.6530836820602417,0.6568699479103088,0.5530214309692383,0.16852816939353943,0.7131544351577759,0.24756109714508057
0.6630603075027466,0.000617723970208317,0.5456057786941528,0.6406940221786499,0.6714940071105957,0.09107142686843872,0.6740433573722839,0.27905502915382385
0.7680473327636719,5.957555913482793e-05,0.6454581618309021,0.7404145002365112,0.3543413281440735,0.19198448956012726,0.623229444026947,0.09640856087207794
0.4141826033592224,0.00013381218013819307,0.6255564093589783,0.6329479813575745,0.722827136516571,0.29293784499168396,0.367017924785614,0.22461557388305664
0.49248427152633667,0.000508324068505317,0.6586844325065613,0.5470510125160217,0.7136321663856506,0.04222899302840233,0.6231251358985901,0.1645403504371643
0.34948453307151794,5.393890751292929e-05,0.3177981674671173,0.580048680305481,0.6955282688140869,0.07974335551261902,0.4761548936367035,0.2930518388748169
0.4803771674633026,0.0004306839546188712,0.5740644335746765,0.6750392317771912,0.7028630375862122,0.27411335706710815,0.7255675196647644,0.3622220456600189
0.5310528874397278,0.0005223882617428899,0.4909355640411377,0.5961921811103821,0.5492682456970215,0.1086571216583252,0.6709785461425781,0.1362401843070984
0.5222533345222473,3.73202383343596e-05,0.4146341383457184,0.3911498785018921,0.6414816379547119,0.02950950339436531,0.5457813739776611,0.17378348112106323
0.5302115082740784,0.0003126302035525441,0.700288712978363,0.8312380909919739,0.7395129799842834,0.07962550222873688,0.7398353815078735,0.24950209259986877
0.5562201142311096,0.0004505546239670366,0.7758820056915283,0.603960394859314,0.6734065413475037,0.17268623411655426,0.4926413893699646,0.2818058133125305
0.8166138529777527,0.0003569493710529059,0.7588788270950317,0.6977255940437317,0.6006863117218018,0.1963205635547638,0.7041018605232239,0.29734230041503906
0.684275209903717,0.0,0.7192028760910034,0.7303174138069153,0.4691118001937866,0.1521976888179779,0.6288648247718811,0.24955254793167114
0.5021383762359619,0.0004696238902397454,0.7260475158691406,0.7072297930717468,0.48875129222869873,0.16167664527893066,0.4270881116390228,0.19896212220191956
0.6101392507553101,0.001046662451699376,0.6473163366317749,0.6909340620040894,0.7613705992698669,0.15605492889881134,0.6361002922058105,0.12350471317768097
0.5843828916549683,0.0,0.5070386528968811,0.0663856714963913,0.5864218473434448,0.1221630722284317,0.7050938606262207,0.42985814809799194
0.5107951760292053,0.0001421224878868088,0.7727663516998291,0.7105831503868103,0.6283700466156006,0.15746180713176727,0.7777777910232544,0.4292023181915283
