CE Loss,Dice Score,Dice Loss,IoU Score,IoU Loss,HausDorff Distance,Total Loss
2.1292765084180205,0.040819711954829405,0.9591802880451707,0.001842660829424858,0.9981573391705751,68.17492868176663,0.9825665325039875
2.0890896599942246,0.06735038759057269,0.9326496124094272,0.016763092949986458,0.9832369070500135,114.171446891034,0.9630020022322952
2.0324627178629697,0.07089287525648028,0.9291071247435196,0.01886867918074131,0.9811313208192587,50.02188987879563,0.9603216867199176
1.9248414039854347,0.07232774687531983,0.9276722531246802,0.028751635923981667,0.9712483640760183,48.7355466900807,0.953817969986902
1.8810006084631443,0.09895824603205189,0.9010417539679481,0.020851662382483482,0.9791483376175165,48.92621878154838,0.9479057104906827
1.8298331467978337,0.09912113015144029,0.9008788698485597,0.019999390468001366,0.9800006095319986,47.84650003365349,0.9483519646951002
1.7231195667212091,0.1025698968474923,0.8974301031525076,0.028494684025645256,0.9715053159743547,44.70886849811449,0.9418752476094223
1.7201091614244128,0.07002005649116969,0.9299799435088303,0.012536284513771534,0.9874637154862285,48.28151583846546,0.9644702527026043
1.5868684160690425,0.12183202670115188,0.8781679732988482,0.026825688779354095,0.9731743112206459,46.58442002916127,0.9351718133048299
1.5299686414693618,0.13803469062736523,0.8619653093726347,0.026450464501976967,0.973549535498023,45.108899559625165,0.9289158744776611
1.4672735660787783,0.14002079781980248,0.8599792021801975,0.030272677540779114,0.9697273224592209,46.57789312754344,0.9258280832883083
1.4331973793112145,0.15193801829933065,0.8480619817006694,0.03628791868686676,0.9637120813131332,44.537349941701386,0.9174520742507024
1.38300027592841,0.16390915160937516,0.8360908483906248,0.039753541350364685,0.9602464586496353,48.46757580628728,0.9105842532890502
1.3893218516610801,0.12832815409924497,0.8716718459007551,0.05284968391060829,0.9471503160893917,55.92332480220109,0.9169589123677178
1.3602393155447392,0.1384328369043774,0.8615671630956225,0.032372958958148956,0.967627041041851,48.41182965593227,0.925203106254637
1.3047675606711107,0.16314855012534954,0.8368514498746505,0.05673522874712944,0.9432647712528706,46.40241975810343,0.9006994970908209
1.298088101742308,0.1739619756483941,0.8260380243516059,0.0732479989528656,0.9267520010471344,43.67564450160332,0.8864664044084585
1.2954841858902804,0.19449397110046224,0.8055060288995377,0.05129227787256241,0.9487077221274376,46.260322443130825,0.8914270671880195
1.4074245673056311,0.16455447232893752,0.8354455276710624,0.037088919430971146,0.9629110805690289,47.163885525933146,0.9119249003880356
1.3583529822966036,0.18000503483575073,0.8199949651642493,0.07247970253229141,0.9275202974677086,49.84291823190347,0.8845101630562088
1.321262458793503,0.17643196838517788,0.8235680316148221,0.06565139442682266,0.9343486055731773,47.46930954298552,0.8900363744997191
1.3334385720875797,0.14775478311106036,0.8522452168889396,0.03580036014318466,0.9641996398568153,48.45865349373555,0.9194179079225681
1.26656913846894,0.21175873491604494,0.7882412650839552,0.09897259622812271,0.9010274037718773,45.77373587347257,0.8559129587275214
1.3025491477570899,0.18270744473641864,0.8172925552635814,0.06711667031049728,0.9328833296895027,44.65077058792178,0.8866470154487858
1.294858229754665,0.18579586387461564,0.8142041361253844,0.0816679298877716,0.9183320701122284,45.380791642167054,0.8766809382407421
1.3352980312689513,0.19618049979171318,0.8038195002082869,0.06879841536283493,0.9312015846371651,50.42954708695109,0.8802487463952655
1.4011949991589554,0.17768375815858767,0.8223162418414123,0.0669056624174118,0.9330943375825882,44.827754872506425,0.8887830903454211
1.3335478937732934,0.1660888029609804,0.8339111970390196,0.07420377433300018,0.9257962256669998,43.67453737123975,0.8890422171960399
1.3800898370596726,0.20636020131447294,0.793639798685527,0.08134185522794724,0.9186581447720528,42.03604133877134,0.868650825708952
1.4208067056446414,0.22312328637426665,0.7768767136257334,0.0917467325925827,0.9082532674074173,45.80599320492061,0.855702660795905
1.4635398445069048,0.21068243475202883,0.789317565247971,0.08880628645420074,0.9111937135457993,46.22737572761694,0.8624432989301516
1.4291714690485873,0.22444366887400122,0.7755563311259988,0.10525450110435486,0.8947454988956451,47.412989715727974,0.8470698258273222
1.5640435102896035,0.1939934199666353,0.8060065800333647,0.06894077360630035,0.9310592263936996,49.418940110836694,0.8810382244739783
1.6860511052295606,0.16805891888531052,0.8319410811146896,0.05122169107198715,0.9487783089280128,56.14062236303394,0.9020434669765155
1.6957263814406898,0.1928045342911087,0.8071954657088913,0.08028815686702728,0.9197118431329727,51.7652157066365,0.8747053189854304
1.6634864477136553,0.20915317700460273,0.7908468229953973,0.09295716881752014,0.9070428311824799,48.15025333409392,0.8605644815518272
1.6300283722422026,0.21531527999993358,0.7846847200000664,0.0977577418088913,0.9022422581911087,48.44698830370285,0.855219245894924
1.65395315047925,0.2332882946805998,0.7667117053194001,0.08027065545320511,0.9197293445467949,50.20006607084528,0.8585223052471143
1.615425262617466,0.2596060857052081,0.740393914294792,0.10816020518541336,0.8918397948145866,48.54030188377811,0.831261482839804
1.5915646074368663,0.225890506417321,0.774109493582679,0.12016288936138153,0.8798371106386185,51.465039157417486,0.8375461025592619
1.528387690111825,0.2725714241370149,0.7274285758629851,0.13392949104309082,0.8660705089569092,52.26925435446009,0.8106137834030553
1.5107122081335724,0.2891186268612182,0.7108813731387817,0.13058213889598846,0.8694178611040115,50.22249681553905,0.8060032808190809
1.5563499586312945,0.29616008444915926,0.7038399155508408,0.1271134912967682,0.8728865087032318,54.30520896468803,0.8052679131655267
1.5664931875502734,0.2443917235818153,0.7556082764181847,0.11363808810710907,0.8863619118928909,53.268092313894385,0.8340604487623118
1.6026212979419487,0.2077791451290975,0.7922208548709024,0.07529930025339127,0.9247006997466087,54.16558579087667,0.8717087603062101
1.600778000404386,0.27018200347092125,0.7298179965290786,0.1142553836107254,0.8857446163892746,51.65053592473517,0.8233740131486798
1.6076955638569441,0.1984974223983027,0.8015025776016973,0.0857321098446846,0.9142678901553154,51.731480590162825,0.8691617696042165
1.6120571937918045,0.22646651318914818,0.7735334868108518,0.07661452144384384,0.9233854785561562,50.502402761100576,0.8634447071900084
1.532832761665911,0.2698806199368186,0.7301193800631814,0.10742958635091782,0.8925704136490822,45.607754393734865,0.8275900613094829
1.5505700493582717,0.2835614230552051,0.716438576944795,0.12039028853178024,0.8796097114682198,46.784264366816465,0.8143413008722173
1.6037632666078177,0.2414434522664511,0.758556547733549,0.11093080788850784,0.8890691921114922,49.02744295318476,0.8368641626725212
1.565226881653086,0.19153578902672794,0.808464210973272,0.06580046564340591,0.9341995343565941,45.35480657586738,0.883905439275936
1.5577142650072506,0.20190326772239342,0.7980967322776066,0.06873447448015213,0.9312655255198479,46.90936774100342,0.8779980246142287
1.5323830551598405,0.2746028040732074,0.7253971959267926,0.13293418288230896,0.867065817117691,43.98322837000794,0.8103983507599383
1.553856984869583,0.25320359939710696,0.746796400602893,0.09723137319087982,0.9027686268091202,47.34507578350082,0.8403797631487195
1.525305849979155,0.30561353189386525,0.6943864681061347,0.13351373374462128,0.8664862662553787,47.57379579495807,0.7976463857387002
1.57421235093214,0.26140840736673593,0.738591592633264,0.11218523234128952,0.8878147676587105,47.58226918298849,0.8281254931781836
1.5842950131423674,0.27346332881537916,0.7265366711846208,0.1216542199254036,0.8783457800745964,52.374178494661585,0.8176221886726704
1.6577415852449378,0.22989561950459508,0.770104380495405,0.08711256831884384,0.9128874316811562,51.05088966037334,0.8557742246179008
1.7026620419629837,0.20287416366083708,0.7971258363391629,0.06689012050628662,0.9331098794937134,52.454956323954924,0.8787162860737512
1.658431131543,0.22163601666363228,0.7783639833363676,0.102340467274189,0.897659532725811,52.789138549789534,0.849941329361311
1.678765868171082,0.2825145859538413,0.7174854140461586,0.13748081028461456,0.8625191897153854,52.1482809155803,0.8045057122302494
1.6666954478622877,0.31512314166144556,0.6848768583385544,0.15046750009059906,0.8495324999094009,49.47499843268155,0.7836702343403656
1.7054234672906396,0.3331319852567662,0.666868014743234,0.13900204002857208,0.8609979599714279,46.32703796125862,0.783346026583634
1.722273701791231,0.30160587818375567,0.6983941218162443,0.15542903542518616,0.8445709645748138,47.34022782051867,0.7861002453527794
1.7701439617453585,0.2857324356940278,0.7142675643059723,0.14927808940410614,0.8507219105958939,46.184630681330894,0.7961401631392285
1.7298509992283446,0.3163197763992707,0.6836802236007293,0.13917168974876404,0.860828310251236,47.106098603367315,0.7899691053933557
1.8025205870554832,0.2827228838609317,0.7172771161390682,0.12155593931674957,0.8784440606832504,52.709261978871645,0.8139773156481322
1.7428661608015006,0.2574155297611332,0.7425844702388668,0.11174936592578888,0.8882506340742111,54.32612428265093,0.829984189401699
1.7506781332890722,0.28691008567130716,0.713089914328693,0.13919030129909515,0.8608096987009048,50.29132211370586,0.8017217760113233
1.7656377464773136,0.2996593035856405,0.7003406964143594,0.14960552752017975,0.8503944724798203,45.66671929665278,0.7903730186780484
1.784360013165232,0.3382113862550047,0.6617886137449954,0.1615159660577774,0.8384840339422226,49.02624019223896,0.7678058867249574
1.9048197982935502,0.2336490145086757,0.7663509854913243,0.09443090111017227,0.9055690988898277,49.39432292488767,0.8498818520403102
1.8923148661479754,0.28475210461102446,0.7152478953889756,0.11074211448431015,0.8892578855156898,52.3051774289257,0.8196539505597651
1.9151005715384821,0.23906334722518974,0.7609366527748103,0.11237139999866486,0.8876286000013351,51.15080025093824,0.8369518777351377
1.903622834469702,0.20289801167193336,0.7971019883280667,0.08959658443927765,0.9104034155607224,49.74032056816767,0.8650828536083568
1.8892411382074068,0.18822154915191083,0.8117784508480892,0.07069434225559235,0.9293056577444077,50.12721737368286,0.8822948316102928
1.8380342121537958,0.2531928813384961,0.7468071186615038,0.11647239327430725,0.8835276067256927,45.76457774250374,0.8288394651441975
1.8070601339691255,0.28088396669676613,0.7191160333032339,0.1237514317035675,0.8762485682964325,46.62926234168091,0.8133956198642623
1.804683596219777,0.2546820411260422,0.7453179588739577,0.09199421107769012,0.9080057889223099,49.130277809141454,0.8429306837250592
1.7491902999698992,0.3333007532754777,0.6666992467245223,0.19513370096683502,0.804866299033165,48.63858615383768,0.7495995108922626
1.7916321195012073,0.20873749758981408,0.7912625024101859,0.09417997300624847,0.9058200269937515,53.42478932279199,0.8599970201405576
1.7745933714334257,0.27800770039639344,0.7219922996036067,0.13840597867965698,0.861594021320343,46.4746537295566,0.8057533683964353
1.816599567846199,0.3270915691260102,0.6729084308739899,0.16072390973567963,0.8392760902643204,52.20281008594276,0.7727290414093494
1.857852610691682,0.1280724178813434,0.8719275821186567,0.04287130385637283,0.9571286961436272,50.76082088057691,0.9230482550039874
1.8005459194914306,0.20388164472235584,0.7961183552776441,0.10492827743291855,0.8950717225670815,49.15060307825212,0.8554904367460674
1.8643047584093684,0.24468938086759276,0.7553106191324072,0.10789372771978378,0.8921062722802162,49.78073687210392,0.8373880244321377
1.9439176500060937,0.20062569313440962,0.7993743068655903,0.07231155782938004,0.92768844217062,55.647951346495915,0.8763628104003499
1.8971608013118832,0.24269560333487528,0.7573043966651246,0.10155007243156433,0.8984499275684357,53.608795691999944,0.8419917092466468
1.8716191822768906,0.198961708130412,0.801038291869588,0.07381610572338104,0.926183894276619,48.69814004700188,0.8761256920568257
1.8568228773142448,0.2153691449331256,0.7846308550668744,0.09386899322271347,0.9061310067772865,48.99313575651485,0.8575309833460247
1.8834552236134545,0.2384004593522471,0.7615995406477529,0.07953915745019913,0.9204608425498009,51.24158692530175,0.8569163083779366
1.912112977202018,0.25505298562790807,0.7449470143720918,0.10362867265939713,0.8963713273406029,49.470057809803336,0.8358015887421534
1.8705079793333221,0.2091080359636994,0.7908919640363006,0.10128919780254364,0.8987108021974564,51.31242979595694,0.8555832579922973
1.8770315804153097,0.27662665497480027,0.7233733450251997,0.11262055486440659,0.8873794451355934,49.058064363312106,0.8217770661861968
1.9183398783214547,0.24308064245242478,0.7569193575475752,0.08664482086896896,0.913355179131031,48.6814415030485,0.8507808937110162
1.8638142125369452,0.31916885588238686,0.6808311441176131,0.13513441383838654,0.8648655861616135,50.103809023941835,0.7912518659684259
1.8814403533433044,0.2864368832884962,0.7135631167115037,0.12010807543992996,0.87989192456007,53.37480817830075,0.8133604535747077
1.879711281375481,0.2703615422663369,0.7296384577336632,0.12633946537971497,0.873660534620285,53.01869621089447,0.8160517694307456
1.8599579196189224,0.27969225815923965,0.7203077418407603,0.12017549574375153,0.8798245042562485,51.662267823608325,0.8160178320726079
1.847749667851834,0.22984961325486863,0.7701503867451314,0.11603038758039474,0.8839696124196053,50.621409316103616,0.8384419534422543
1.8799839995136014,0.2817269334213674,0.7182730665786325,0.11087829619646072,0.8891217038035393,53.32696239762178,0.8207823010676407
1.8876637975660329,0.33702448435225507,0.662975515647745,0.17743250727653503,0.822567492723465,47.49341232989042,0.758730701893177
1.9506824246345396,0.306225943615862,0.693774056384138,0.13186068832874298,0.868139311671257,47.39346571047054,0.7983932423389641
2.055776032090906,0.263141329376303,0.736858670623697,0.1305330991744995,0.8694669008255005,49.588703499646975,0.816423644507566
2.011787879484196,0.2352169492715967,0.7647830507284034,0.08882533758878708,0.9111746624112129,50.18388287649725,0.8526180490305276
2.031858679553542,0.268269892945878,0.731730107054122,0.13529559969902039,0.8647044003009796,50.449427453821464,0.811514712804559
2.0176750122903644,0.3211123029374796,0.6788876970625203,0.16152383387088776,0.8384761661291122,47.217126202383675,0.77464081128503
2.0530185268499697,0.2588893841464198,0.7411106158535802,0.10190465301275253,0.8980953469872475,49.525154578621766,0.8353014679448256
1.9733109364565156,0.32598722921813994,0.6740127707818602,0.15962503850460052,0.8403749614953995,46.96479151847475,0.7738301239530029
2.035702146374235,0.23960653450562522,0.7603934654943748,0.11254414170980453,0.8874558582901955,47.824785236721205,0.8366309503456992
1.9843818202465453,0.2980051094759183,0.7019948905240816,0.1247953325510025,0.8752046674489975,50.411202487795485,0.8059207775406568
2.0339521000385314,0.24584332902920777,0.7541566709707924,0.10546737909317017,0.8945326209068298,49.46906374586001,0.8383822886161307
2.0819728613102013,0.17827496379629365,0.8217250362037064,0.058272767812013626,0.9417272321879864,52.67425573696726,0.8937263709306098
2.0044980663436016,0.21060960739907883,0.7893903926009214,0.09983484447002411,0.9001651555299759,51.00605709572594,0.8558552414176575
1.9965259944272085,0.30459355803627347,0.6954064419637266,0.15567046403884888,0.8443295359611511,52.28279114127915,0.7847603341249683
1.9921860545606471,0.311315936486904,0.6886840635130962,0.16476117074489594,0.8352388292551041,50.48656064023037,0.7766169617013201
2.0233086451715367,0.34421757767984607,0.6557824223201539,0.16097590327262878,0.8390240967273712,47.477408100837266,0.7657274210040199
2.0390696244777464,0.2986619295781291,0.7013380704218709,0.14953672885894775,0.8504632711410522,50.291885594774065,0.7908132146952376
2.031051815857497,0.3045285474642556,0.6954714525357444,0.15829478204250336,0.8417052179574966,47.04157177745943,0.783211702848099
2.0000292334990952,0.30229178309423116,0.6977082169057689,0.13152050971984863,0.8684794902801514,47.46663319457871,0.8001709928513274
2.0651591407011907,0.28872616160915204,0.7112738383908479,0.14236724376678467,0.8576327562332153,51.34316115105036,0.7990891890962684
1.9827512409316186,0.27689662364159123,0.7231033763584088,0.1469307243824005,0.8530692756175995,50.82512500894948,0.8010829457162456
2.0037823923304257,0.29801814385049297,0.701981856149507,0.1470557600259781,0.8529442399740219,47.502667356009,0.7925592953849128
2.0362990123530325,0.312881600126841,0.687118399873159,0.18857300281524658,0.8114269971847534,44.458904045534204,0.7617035821019735
2.0303239628897,0.3560257810361856,0.6439742189638145,0.1767704337835312,0.8232295662164688,45.98860861328842,0.7515274481770328
2.1190541151354028,0.2680730100646368,0.7319269899353631,0.1268073171377182,0.8731926828622818,46.57313325575564,0.8166864444345334
2.1092798798794865,0.28942239660972036,0.7105776033902796,0.14559200406074524,0.8544079959392548,50.289778460982525,0.7968758687219871
2.1481093462859513,0.26792123135447804,0.7320787686455221,0.1440456062555313,0.8559543937444687,50.539038648269525,0.8064042003293026
2.1425177527346504,0.27615726817954805,0.723842731820452,0.12673693895339966,0.8732630610466003,49.83261164955988,0.81349494127707
2.085343481061237,0.23596231518456218,0.7640376848154378,0.12198986858129501,0.878010131418705,46.14904667300552,0.8324211900303011
2.1003617584322187,0.22898017761490758,0.7710198223850925,0.1163712665438652,0.8836287334561348,45.12087075144073,0.8385851645573695
2.0540735656650964,0.2812402913135674,0.7187597086864326,0.13830038905143738,0.8616996109485626,44.13522889695005,0.8045236321623173
2.0667722330293317,0.2540503718073097,0.7459496281926902,0.1099654883146286,0.8900345116853714,48.114528028778544,0.8324005731894601
2.061582635214228,0.315582445058945,0.684417554941055,0.1752137839794159,0.8247862160205841,46.415130337184046,0.768638757549237
2.137384170280768,0.17957639265987374,0.8204236073401263,0.08194942772388458,0.9180505722761154,50.84867763621133,0.8789998071633455
2.0929376497662435,0.2792606818978964,0.7207393181021036,0.14089183509349823,0.8591081649065018,46.76537674963572,0.8037606291649748
2.1325962764400015,0.29964603968631065,0.7003539603136893,0.14212600886821747,0.8578739911317825,52.18609423624252,0.7948660175475644
2.0681954950705803,0.19133238872961347,0.8086676112703866,0.10334385931491852,0.8966561406850815,47.668612317785055,0.8614607736226871
2.029121905624139,0.21735496868593032,0.7826450313140697,0.11990668624639511,0.8800933137536049,49.448662492072536,0.8411140380306938
2.0081938101145456,0.29904915933035114,0.700950840669649,0.14312775433063507,0.8568722456693649,47.920016645271836,0.7945037164520332
2.095716615760769,0.28324060918376054,0.7167593908162394,0.12724873423576355,0.8727512657642365,53.90438725782559,0.8103545217455022
2.0527047277948496,0.27337827754334715,0.7266217224566529,0.13086016476154327,0.8691398352384567,50.90497528401581,0.8121326467501477
2.0578712211979924,0.2519360751606906,0.7480639248393093,0.12315723299980164,0.8768427670001984,43.530311292128374,0.8253312122544494
2.057755753735745,0.2632803135154594,0.7367196864845407,0.1392400562763214,0.8607599437236786,47.657985361677305,0.8111438825512748
2.068870455745764,0.3330537477065037,0.6669462522934962,0.167646586894989,0.832353413105011,46.8854314369671,0.7661905607013341
2.1141562409879953,0.29129339714606056,0.7087066028539395,0.14193643629550934,0.8580635637044907,47.40638762560818,0.7983208002258959
2.0736696025585766,0.269143610883874,0.730856389116126,0.13243624567985535,0.8675637543201447,49.15860524289938,0.8128808261199307
2.065450765825725,0.3449222406359537,0.6550777593640462,0.15849091112613678,0.8415090888738632,46.91713355356807,0.7669365660106331
2.1135128149554068,0.3214649630452403,0.6785350369547597,0.14442656934261322,0.8555734306573868,45.40173828793517,0.7847580642356393
2.121410901029824,0.37368656028376235,0.6263134397162377,0.21038395166397095,0.789616048336029,45.328340537901965,0.7242950108485771
2.1600036508480454,0.33552151046760725,0.6644784895323927,0.18112140893936157,0.8188785910606384,48.16262493437798,0.7571185623702692
2.196450440876561,0.2852578267417267,0.7147421732582734,0.14711086452007294,0.8528891354799271,47.53610630180751,0.7976303416505689
2.1792105065165965,0.3609783655607887,0.6390216344392113,0.20060215890407562,0.7993978410959244,41.89198312650765,0.7352473792948648
2.225969701234353,0.26993413298717966,0.7300658670128204,0.14904150366783142,0.8509584963321686,45.92363688967674,0.8026014624858228
2.2098305048671523,0.3067328661833847,0.6932671338166153,0.15717154741287231,0.8428284525871277,50.70376408344101,0.7830039250789227
2.1922920232825955,0.3634361734978433,0.6365638265021567,0.20814086496829987,0.7918591350317001,45.56311922949667,0.7297410384419729
2.2429068945744826,0.3312933320677652,0.668706667932235,0.17064829170703888,0.8293517082929611,47.269603752196154,0.7650937130102964
2.3287457856741,0.2954358384399176,0.7045641615600824,0.1537533551454544,0.8462466448545456,50.46340039273227,0.7895736723983859
2.34709091797502,0.2697862091186426,0.7302137908813574,0.11408384144306183,0.8859161585569382,47.70168859596898,0.8236352681111184
2.381098384948409,0.3089955057287817,0.6910044942712184,0.175054132938385,0.824945867061615,45.9852465044558,0.7713693477477788
2.446407057029922,0.3606565185901896,0.6393434814098105,0.19972416758537292,0.8002758324146271,43.51303405013167,0.7359029039336293
2.478091450181531,0.3026554585783882,0.6973445414216118,0.14844779670238495,0.851552203297615,46.9512244665251,0.789869129606517
2.445836547570516,0.3666110785213897,0.6333889214786104,0.20323827862739563,0.7967617213726044,45.619201988264166,0.7314126252568647
2.4887695554547293,0.30810135987013076,0.6918986401298692,0.1767255663871765,0.8232744336128235,47.23091047370636,0.7707241281405708
2.405978787752006,0.3566405414692629,0.6433594585307372,0.18154902756214142,0.8184509724378586,46.10046053410875,0.7484143817761713
2.432770133017299,0.27865748589859884,0.7213425141014012,0.12352877855300903,0.876471221446991,44.704655731323946,0.8144197861924709
2.4351685931931244,0.2630765917005636,0.7369234082994364,0.1217929869890213,0.8782070130109787,42.52706361447077,0.8216936158298453
2.392307694209289,0.2807149625339301,0.71928503746607,0.16868676245212555,0.8313132375478745,41.77585125791592,0.7865019843372428
2.3893656206397162,0.34251109669973484,0.6574889033002651,0.18259018659591675,0.8174098134040833,39.5157867580507,0.7534414732044139
2.3857634212789876,0.3596301264670435,0.6403698735329565,0.1908433586359024,0.8091566413640976,42.479846696674606,0.7416419670141958
2.41270764647225,0.42050761119225777,0.5794923888077422,0.24292443692684174,0.7570755630731583,43.92983476045427,0.6860423142286175
2.4081482222703916,0.3702219569831616,0.6297780430168384,0.2033286690711975,0.7966713309288025,46.70565330580272,0.7299140336454103
2.4231201320989495,0.37219233592412876,0.6278076640758713,0.2304532527923584,0.7695467472076416,47.773092521578654,0.7128511318363269
2.3823879803054853,0.34103052567822906,0.658969474321771,0.1887950301170349,0.8112049698829651,49.047260306315565,0.7503107955003454
2.4483523180225526,0.3361569111584222,0.6638430888415779,0.1664772927761078,0.8335227072238922,54.29511120729174,0.7656508419895731
2.413504918670784,0.2947441459744227,0.7052558540255773,0.15525580942630768,0.8447441905736923,56.77310581440074,0.788948888737001
2.4193040180478915,0.26751060263142573,0.7324893973685743,0.13708095252513885,0.8629190474748611,52.53799941253993,0.8107472142544365
2.401676366694314,0.3580808476189323,0.6419191523810676,0.21763572096824646,0.7823642790317535,49.53962884442921,0.7261862164505501
2.4210125909447777,0.3291473105019976,0.6708526894980024,0.18797257542610168,0.8120274245738983,53.04019827402744,0.7555575782272558
2.4653922920519333,0.24891663904333092,0.7510833609566692,0.12309226393699646,0.8769077360630035,49.563465298961574,0.8265779681390764
2.4483977981636107,0.29117141332630786,0.7088285866736921,0.135109543800354,0.864890456199646,49.764410370528275,0.8024657441520513
2.488498498055396,0.2597879280329331,0.7402120719670668,0.1187339648604393,0.8812660351395607,48.24263892348835,0.8248444871234661
2.5004081769772686,0.24758026953680407,0.7524197304631959,0.11748847365379333,0.8825115263462067,52.33774247952917,0.8304748139534668
2.473563391878612,0.25729222166238486,0.7427077783376153,0.13000032305717468,0.8699996769428253,50.73038098808117,0.8190829473030636
2.440835796869836,0.2954030267724677,0.7045969732275325,0.15027153491973877,0.8497284650802612,46.899451931556136,0.7916758802600987
2.4276027685973816,0.2967724657789976,0.7032275342210026,0.1350066363811493,0.8649933636188507,46.822294924595695,0.800287013978318
2.4021982386250773,0.2819426521195217,0.7180573478804784,0.14271003007888794,0.8572899699211121,47.361316300285445,0.8015969568676455
2.3509441267704037,0.353556373875873,0.6464436261241271,0.2140727937221527,0.7859272062778473,41.65010369915493,0.7301337861372882
2.3539146964033257,0.20209896073344266,0.7979010392665574,0.09749908000230789,0.9025009199976921,46.51339469056083,0.8606609840965156
2.3404174022353676,0.3660009275996227,0.6339990724003772,0.20819810032844543,0.7918018996715546,41.80062888432759,0.7286808045258706
2.3456693431315756,0.36700542249304136,0.6329945775069586,0.19092632830142975,0.8090736716985703,47.56961810020766,0.7386420489230868
2.2939503712165843,0.2107445278152789,0.789255472184721,0.09348735213279724,0.9065126478672028,44.71226974927896,0.8596097716337456
2.2857315695707277,0.24463558791327789,0.755364412086722,0.12276158481836319,0.8772384151816368,49.55105288430042,0.8284888124535548
2.27034171793438,0.3336479634915058,0.6663520365084943,0.15013937652111053,0.8498606234788895,48.273612367332866,0.7764571797500347
2.3544210429933248,0.3161440497745763,0.6838559502254238,0.16036170721054077,0.8396382927894592,55.55479558740503,0.777325367684774
2.323392316574433,0.2758080142346554,0.7241919857653445,0.14761067926883698,0.852389320731163,52.45111657381756,0.8011103956855323
2.292706462991899,0.2962312919413908,0.7037687080586091,0.16171687841415405,0.838283121585846,47.599624619955655,0.784477403858667
2.284215608494057,0.24091255193904826,0.7590874480609517,0.13058923184871674,0.8694107681512833,50.27481349984614,0.8252814788581697
2.2888483171419747,0.362329065993354,0.637670934006646,0.19030974805355072,0.8096902519464493,50.334137353615155,0.7408825277507602
2.355184041928942,0.3061763905270499,0.69382360947295,0.15038415789604187,0.8496158421039581,46.3657633095337,0.7872989430910904
2.3212692941427395,0.28857337429753066,0.7114266257024694,0.14169616997241974,0.8583038300275803,50.43718482739522,0.7995529930010195
2.30082326311268,0.3707949938990476,0.6292050061009525,0.20230592787265778,0.7976940721273422,46.7332922623464,0.7302984784993409
2.324991767899581,0.3452287081442141,0.654771291855786,0.17556612193584442,0.8244338780641556,45.242073274628545,0.7565688644424334
2.3193048975617643,0.4054583038506216,0.5945416961493784,0.2461090087890625,0.7538909912109375,44.09885922904686,0.6901512910677072
2.329551584909728,0.38724996151935875,0.6127500384806412,0.22346580028533936,0.7765341997146606,47.066415174585465,0.7110205531024463
2.3552388328923386,0.3632138465902384,0.6367861534097615,0.184820756316185,0.815179243683815,47.391562338180734,0.7438220105544259
2.3154253700314404,0.4218105784141261,0.5781894215858739,0.24861544370651245,0.7513845562934875,43.41371147441627,0.6821065262523001
2.374614365952252,0.25473906051762124,0.7452609394823787,0.14163455367088318,0.8583654463291168,43.2444539451532,0.813123673392744
2.3595091679854963,0.30948055798336843,0.6905194420166315,0.15608032047748566,0.8439196795225143,47.40279081177195,0.7825596053817869
2.3672666943809446,0.3505900176176631,0.6494099823823369,0.1935749053955078,0.8064250946044922,45.120613521658605,0.743619061636559
2.3975282752808815,0.35053467226521456,0.6494653277347854,0.20101603865623474,0.7989839613437653,44.847337278700515,0.7391765138606379
2.466740230488628,0.3339682341027776,0.6660317658972223,0.17583423852920532,0.8241657614707947,46.53213903165428,0.7609121811227593
2.471260818655132,0.2986332420158348,0.7013667579841654,0.14729516208171844,0.8527048379182816,46.38469364112964,0.7921696089248673
2.505789843319622,0.33817266310093175,0.6618273368990684,0.1747511476278305,0.8252488523721695,48.76494754924115,0.7598802491631613
2.5244457938732983,0.42636647238338354,0.5736335276166165,0.2697841227054596,0.7302158772945404,52.12395714334735,0.6675829851070867
2.588712800173027,0.3303559518905373,0.6696440481094628,0.18116241693496704,0.818837583065033,57.47779087465188,0.7591601988851273
2.5358467176459936,0.3720920951816409,0.6279079048183591,0.21523785591125488,0.7847621440887451,57.72071807903432,0.7220204543410552
2.598844436591757,0.2847106708239689,0.7152893291760312,0.1550368368625641,0.8449631631374359,59.24026023779238,0.7930936474342675
2.535726292213447,0.3739532702908794,0.6260467297091206,0.2130660116672516,0.7869339883327484,57.28428881404812,0.7225791206460841
2.562557209588493,0.3167895956146483,0.6832104043853516,0.15380936861038208,0.8461906313896179,52.22382636457382,0.7809985525088403
2.561746207542429,0.33580586202541574,0.6641941379745843,0.17695918679237366,0.8230408132076263,50.689013990250885,0.7595021669562674
2.501440394666349,0.31978243824606883,0.6802175617539311,0.1777748167514801,0.8222251832485199,48.5804849659277,0.7654221823344003
2.4715412076634564,0.3828711083883682,0.6171288916116318,0.2109033316373825,0.7890966683626175,44.96825109545788,0.7203095785238489
2.4440094818207236,0.43311372002383214,0.5668862799761678,0.2623317539691925,0.7376682460308075,47.04274896095524,0.6693555072926675
2.484537642282434,0.4222918362647468,0.5777081637352532,0.25628846883773804,0.743711531162262,45.626029963741786,0.677310190151923
2.4814387263581557,0.40109450497278426,0.5989054950272157,0.2337910532951355,0.7662089467048645,48.62096921711617,0.699287577954734
2.515859222778688,0.3949953341407907,0.6050046658592093,0.2424752116203308,0.7575247883796692,46.59252611142333,0.6965167572528786
2.5182545286386255,0.381868761556971,0.618131238443029,0.20254208147525787,0.7974579185247421,47.313416317038076,0.7257272613932181
2.594883406452366,0.3615737466565033,0.6384262533434968,0.1862218677997589,0.8137781322002411,51.72727085064445,0.7436374164203303
2.5766804129391208,0.3259975781600345,0.6740024218399655,0.1889910250902176,0.8110089749097824,50.301043821642075,0.7562063745434813
2.5836333305163866,0.4343430518221501,0.56565694817785,0.2622196078300476,0.7377803921699524,49.50114451855591,0.6689310384149694
2.576890060930003,0.3933202058450077,0.6066797941549923,0.2520469129085541,0.7479530870914459,44.614895341200395,0.6914437818377934
2.564451916801908,0.4393859277947779,0.5606140722052221,0.26810845732688904,0.731891542673111,47.508799053398526,0.6633805544859555
2.6021972636540798,0.35147604781113817,0.6485239521888618,0.19959627091884613,0.8004037290811539,48.00656709630757,0.7396518332253983
2.5764606487619286,0.4055138458161341,0.594486154183866,0.21170377731323242,0.7882962226867676,49.753507353263906,0.7107722191274648
2.608035519237413,0.3498454840287988,0.6501545159712013,0.18943937122821808,0.8105606287717819,48.63524599608462,0.7463982164341043
2.6052270873256265,0.33378136819171844,0.6662186318082817,0.18473480641841888,0.8152651935815811,47.884767456975275,0.7556465897338871
2.5491841265124484,0.3284490166759007,0.6715509833240993,0.1808260977268219,0.8191739022731781,47.01103336305693,0.7601247644958691
2.5465488476728178,0.3038360514156412,0.6961639485843588,0.15904131531715393,0.8409586846828461,45.94352085741968,0.7830408319667026
2.509458670338754,0.3839368837192035,0.6160631162807966,0.2203080952167511,0.7796919047832489,42.572196782775016,0.7142404370659838
2.5213314383095717,0.329443644746783,0.670556355253217,0.19049493968486786,0.8095050603151321,48.927606161303935,0.7539255931915273
2.5209783213206673,0.3710639911050394,0.6289360088949606,0.22948530316352844,0.7705146968364716,44.53979529584037,0.7138832574226541
2.529998508578017,0.25346664394793783,0.7465333560520622,0.12985871732234955,0.8701412826776505,47.779646948637684,0.8206981150076473
2.5063208838239723,0.39778813342088076,0.6022118665791192,0.23362429440021515,0.7663757055997849,44.327186651344284,0.7007102027740733
2.513238277666539,0.39014416546972874,0.6098558345302713,0.19967475533485413,0.8003252446651459,48.759490558981724,0.7241375282949118
2.492146183328116,0.3457392718334484,0.6542607281665517,0.1937410682439804,0.8062589317560196,48.36090957043524,0.7454596711818582
2.468922419562653,0.260867043772759,0.7391329562272411,0.146194726228714,0.853805273771286,47.347902294742056,0.8079363884769194
2.437930236921143,0.4206749359971481,0.5793250640028519,0.27704551815986633,0.7229544818401337,44.69302473786422,0.6655027385470789
2.503281728999073,0.4028200274732331,0.5971799725267669,0.23950372636318207,0.7604962736368179,50.096935812217176,0.6951697740544232
2.5297386262336667,0.36277761691468513,0.637222383085315,0.21073225140571594,0.7892677485942841,45.081548802158466,0.7284496441139479
2.575995709535006,0.3292814119846304,0.6707185880153697,0.19391277432441711,0.8060872256755829,42.128586685134216,0.7519398182952135
2.564324807617174,0.3123505582843237,0.6876494417156762,0.18023480474948883,0.8197651952505112,44.53400001937698,0.766918914698203
2.519012631232483,0.44820612480370986,0.5517938751962901,0.2749692499637604,0.7250307500362396,45.39317914654203,0.6557360299025822
2.5844827799257772,0.33377439495850736,0.6662256050414928,0.1720404475927353,0.8279595524072647,43.864479795031706,0.7632659883621171
2.512659688992594,0.32734578785505003,0.67265421214495,0.17658790946006775,0.8234120905399323,48.421577663422774,0.7631089391819394
2.48305784364314,0.42820999304000307,0.5717900069599969,0.26071494817733765,0.7392850518226624,46.36315624648378,0.6722870636799185
2.516262830322443,0.4201251146436427,0.5798748853563572,0.2415047436952591,0.7584952563047409,48.87429387670492,0.6870471228265487
2.5142615859831765,0.45985180107822377,0.5401481989217762,0.2858063578605652,0.7141936421394348,50.62046486910325,0.6445754886942293
2.5308084599433673,0.43241805618310253,0.5675819438168975,0.28126654028892517,0.7187334597110748,53.786686351370754,0.6582728593138684
2.5082618440747333,0.38609999518459087,0.6139000048154091,0.24275504052639008,0.7572449594736099,54.318785610408064,0.6999069865510263
2.449652246640387,0.4663463671329193,0.5336536328670807,0.3051881194114685,0.6948118805885315,48.80276376233143,0.6303485874604157
2.4785641075673146,0.3140327936458578,0.6859672063541422,0.1839248389005661,0.8160751610994339,50.184496628855776,0.764031976221085
2.4634071805469935,0.39039530057359123,0.6096046994264088,0.20998457074165344,0.7900154292583466,51.307299051643206,0.7178511850092872
2.4598813277614724,0.4228747009798057,0.5771252990201943,0.2486119121313095,0.7513880878686905,46.84999824924751,0.6816829931909176
2.4828158015441115,0.3959226885762678,0.6040773114237321,0.22080308198928833,0.7791969180107117,45.70378240316966,0.7091491051782423
2.5432534891924825,0.40037584854076524,0.5996241514592348,0.2556683421134949,0.7443316578865051,47.82934598641429,0.686448667236526
2.604164111581029,0.3170818260779434,0.6829181739220566,0.1701679229736328,0.8298320770263672,44.971318613491604,0.7710665336660364
2.6521966421606242,0.3774691562149699,0.6225308437850301,0.22053924202919006,0.7794607579708099,45.23411139988274,0.7166888280592849
2.7007046338716165,0.46084892837030705,0.539151071629693,0.301340252161026,0.698659747838974,45.0902169984241,0.6348563190785129
2.7542104246509265,0.40120478461020104,0.598795215389799,0.22783879935741425,0.7721612006425858,46.35180042082351,0.7028148274030968
2.754939283943126,0.46923887268756326,0.5307611273124367,0.28189873695373535,0.7181012630462646,42.10463036215472,0.6431652385550559
2.8292477464703554,0.3986162260301564,0.6013837739698437,0.24389085173606873,0.7561091482639313,44.32625837334297,0.6942190045067607
2.812646046907804,0.42715929153004906,0.5728407084699508,0.26453232765197754,0.7354676723480225,47.27352574016661,0.6704169165991162
2.881859492921479,0.36646969491718057,0.6335303050828196,0.20169475674629211,0.7983052432537079,46.81729623620644,0.7323953156690683
2.9192540463834,0.3603602378321138,0.6396397621678862,0.1960306614637375,0.8039693385362625,47.16472205689857,0.7382375169296087
2.9310835851021637,0.35536613880249746,0.6446338611975027,0.2199718952178955,0.7800281047821045,46.35845783391766,0.7258704371505862
2.970387687130611,0.4386906391690146,0.5613093608309854,0.25852394104003906,0.7414760589599609,42.38588881318294,0.6694093856688352
2.990769075880229,0.4634494087130634,0.5365505912869366,0.2866607904434204,0.7133392095565796,43.78571941777175,0.6426237860905804
3.036506232441141,0.43441741597569755,0.5655825840243024,0.2694087624549866,0.7305912375450134,44.60500332282765,0.6645877940181224
2.9961546537585884,0.45126838483671033,0.5487316151632897,0.28753572702407837,0.7124642729759216,43.78715664643176,0.6469712277322623
3.006958760730676,0.4322323037663611,0.5677676962336389,0.27128899097442627,0.7287110090255737,43.69417583203395,0.6643337017901932
2.9396007964952346,0.4453859458803199,0.5546140541196801,0.27443352341651917,0.7255664765834808,43.54173486053599,0.6571855493212119
2.942122649707011,0.41752461103844624,0.5824753889615537,0.24347767233848572,0.7565223276615143,48.23683260207515,0.6869035462210655
2.8847576499420766,0.3795772638797186,0.6204227361202814,0.2368285208940506,0.7631714791059494,46.18326425493439,0.7060720027733078
2.8949604764254184,0.4810703949572598,0.5189296050427402,0.30050110816955566,0.6994988918304443,46.48822751161276,0.6272711830758272
2.8950468610192694,0.4505887895464523,0.5494112104535477,0.29457056522369385,0.7054294347763062,43.725644856858366,0.6430221629285962
2.898047738226009,0.46753906749807594,0.532460932501924,0.2936773896217346,0.7063226103782654,46.46984160054894,0.6367779571091222
2.948614508618585,0.37479054937160977,0.6252094506283904,0.22106622159481049,0.7789337784051895,46.37575930908549,0.7174440681560956
2.9144042982107035,0.4748124781684707,0.5251875218315294,0.2954786717891693,0.7045213282108307,51.1705355950383,0.6327878116195746
2.9823939630483567,0.4153969146587401,0.5846030853412598,0.2450047880411148,0.7549952119588852,48.803281256567,0.6868383821734607
3.019878678311265,0.3683547284142176,0.6316452715857824,0.21554020047187805,0.784459799528122,47.70092815484943,0.723334024113973
2.995081396989721,0.3630224832141284,0.6369775167858717,0.2177061289548874,0.7822938710451126,46.877831613296706,0.7241673323216484
3.0157920658936135,0.369325033761329,0.630674966238671,0.2193017154932022,0.7806982845067978,42.9823310223332,0.7206889721007084
3.019059609031445,0.4036764761110097,0.5963235238889903,0.2600165605545044,0.7399834394454956,42.4773550385959,0.6825194911042869
3.017415615428331,0.3840450538577232,0.6159549461422766,0.2508092522621155,0.7491907477378845,46.18698548970886,0.6958964569019638
2.981368021112092,0.46034912091717534,0.5396508790828247,0.28896114230155945,0.7110388576984406,42.11977570183299,0.6424836662521942
2.9712630162044213,0.32171991727429233,0.6782800827257077,0.1752125471830368,0.8247874528169632,44.942584616658316,0.7661845137211578
2.9368914625439446,0.38705224472355854,0.6129477552764414,0.2136194258928299,0.7863805741071701,40.754679256991444,0.7170074733969688
2.8779361304158444,0.44407339853144934,0.5559266014685507,0.2605086863040924,0.7394913136959076,46.24745244800829,0.6660654705282162
2.8354262596088895,0.3904745565513059,0.609525443448694,0.220253124833107,0.779746875166893,46.005326430908916,0.7116583293017036
2.806896204815596,0.34586641850892447,0.6541335814910756,0.21047155559062958,0.7895284444093704,47.38612850137611,0.7353704962618203
2.794090938732193,0.45831361242844537,0.5416863875715546,0.29227471351623535,0.7077252864837646,47.331616634480206,0.641309756721203
2.8936206229451096,0.4303119422055448,0.5696880577944552,0.27136704325675964,0.7286329567432404,51.94203634494679,0.6650549971637263
2.9408339399624976,0.41689747913420355,0.5831025208657965,0.26816144585609436,0.7318385541439056,46.68639396588336,0.6723441646745199
2.9915990450028525,0.46310371829487995,0.53689628170512,0.29820844531059265,0.7017915546894073,44.452792161031596,0.635833439535228
3.03240144216405,0.41787401910881194,0.582125980891188,0.2528111934661865,0.7471888065338135,46.89743452200608,0.6811636881976922
3.0601668576982712,0.472525515742357,0.527474484257643,0.31783273816108704,0.682167261838913,47.47253937081905,0.6202901806087273
3.109736722997333,0.40093440703912414,0.5990655929608759,0.24972259998321533,0.7502774000167847,45.255855912465,0.6897927010362791
3.0673085119210044,0.410189650711794,0.5898103492882061,0.24457618594169617,0.7554238140583038,46.598580514907404,0.6891784221898003
3.056840272767092,0.49891329113523714,0.5010867088647628,0.32782620191574097,0.672173798084259,42.293654682084444,0.6037389921987829
3.0842951195596733,0.4856639631894085,0.5143360368105916,0.303729385137558,0.696270614862442,43.865356369564076,0.6234967836417018
3.0882668238714786,0.5270230387954805,0.4729769612045195,0.3585645854473114,0.6414354145526886,46.04060793715785,0.5740520451343499
3.13882300313564,0.48819394125181825,0.5118060587481819,0.3238150477409363,0.6761849522590637,46.45851181196639,0.6104334186965689
3.1573702196802937,0.4394006713741111,0.5605993286258889,0.28756386041641235,0.7124361395835876,46.57492147136989,0.6517014450028306
3.1695683903508254,0.4956902333917597,0.5043097666082402,0.3325805366039276,0.6674194633960724,41.91557509043625,0.6021755966018685
3.207974023351232,0.3642606344951617,0.6357393655048382,0.22392842173576355,0.7760715782642365,44.95263814192091,0.7199387050814061
3.18965074021916,0.45044263575715815,0.5495573642428417,0.2931121289730072,0.7068878710269928,48.6086132352522,0.6439556802342613
3.217634787987491,0.4758216034683436,0.5241783965316564,0.30949005484580994,0.6905099451541901,46.02047347036387,0.6239773137842477
3.2562970882359528,0.4992683042416461,0.5007316957583539,0.3265155553817749,0.6734844446182251,44.80235151224054,0.6043833510347411
3.292061836118245,0.4469981885994182,0.5530018114005817,0.29343676567077637,0.7065632343292236,46.191020655059475,0.6451386711182313
3.3007485778469623,0.4039081347384084,0.5960918652615914,0.2511114776134491,0.7488885223865509,40.55991545004562,0.6877698476156382
3.300757685211707,0.4472109900040291,0.5527890099959709,0.2945059537887573,0.7054940462112427,39.639107556853325,0.6444120555669919
3.2809276098501607,0.4922825294452671,0.5077174705547328,0.33081045746803284,0.6691895425319672,40.96387552135008,0.6046007435433958
3.270067867276957,0.46068172459152784,0.5393182754084722,0.28414636850357056,0.7158536314964294,44.321969317811615,0.6452395129031044
3.193456113183263,0.5648347255495639,0.43516527445043607,0.3980797827243805,0.6019202172756195,43.25392517326921,0.5352182818687975
3.2371206399977503,0.4362819010610382,0.5637180989389619,0.29911020398139954,0.7008897960186005,47.21971154568485,0.6460211648704608
3.161953444192932,0.5166839497556026,0.48331605024439733,0.34955695271492004,0.65044304728508,49.507491923235904,0.5835922723106648
3.1937445312886803,0.39303222176438435,0.6069677782356157,0.23561467230319977,0.7643853276968002,47.12416953155809,0.701418328773952
3.181303488754959,0.44049547477037726,0.5595045252296227,0.2709035575389862,0.7290964424610138,45.890936222750575,0.6612596696079929
3.172900474997237,0.3787417167683659,0.6212582832316341,0.2340594232082367,0.7659405767917633,42.83208392582199,0.7080676712886406
3.169259814396316,0.49841068670554284,0.5015893132944571,0.3244718611240387,0.6755281388759613,39.55770868931251,0.6059526444061465
3.1451722881287876,0.5179705656476165,0.48202943435238355,0.3536783456802368,0.6463216543197632,41.5048145711851,0.5806047782537402
3.1313002879814755,0.5401140938457694,0.4598859061542307,0.382339745759964,0.617660254240036,44.65367789967275,0.5545505328871073
3.0737072901829223,0.5191371240665061,0.48086287593349386,0.3590734004974365,0.6409265995025635,47.21331801701778,0.5769011160354001
3.091060395107283,0.5024469534893448,0.49755304651065524,0.3405711054801941,0.6594288945198059,45.18849462265354,0.5946785791580036
3.0754538176289103,0.48379406824874605,0.516205931751254,0.3053029775619507,0.6946970224380493,45.92980796053012,0.6233006040447246
3.090224347404496,0.4925861332175782,0.5074138667824216,0.3176670968532562,0.6823329031467438,49.06896655226098,0.6123652945614794
3.0968065052990412,0.44734504085125587,0.5526549591487441,0.29693031311035156,0.7030696868896484,41.6707104426196,0.6429038136746801
3.1025395607202526,0.4953770480359684,0.5046229519640316,0.33880046010017395,0.661199539899826,42.40085397352573,0.5985689345278307
3.120001767133328,0.4848471049671483,0.5151528950328517,0.33001863956451416,0.6699813604354858,41.48040183256023,0.6080499921558256
3.119619945788927,0.5321082522691086,0.4678917477308913,0.36362424492836,0.63637575507164,44.357994234605286,0.5689821759771985
3.1457941372912694,0.44425139997253743,0.5557486000274625,0.2836984097957611,0.7163015902042389,44.760491744673175,0.6520804000939928
3.069287333029223,0.5245854768138273,0.47541452318617267,0.3424261808395386,0.6575738191604614,49.532433017813666,0.5847101126916749
3.1041341783646805,0.46663856189288044,0.5333614381071196,0.2970138490200043,0.7029861509799957,50.35103522722162,0.6351362777517742
3.130077781406703,0.3866823823249331,0.6133176176750669,0.24142292141914368,0.7585770785808563,46.09419047450583,0.7004733299813274
3.10936187244004,0.40543799883040393,0.594562001169596,0.257377028465271,0.742622971534729,45.897361867736834,0.6833986072305337
3.1726712856251993,0.38114727590257425,0.6188527240974259,0.226415753364563,0.773584246635437,44.60617263437075,0.711691667422555
3.1943622981595903,0.4750724667414079,0.5249275332585921,0.3183273673057556,0.6816726326942444,45.178659621111414,0.6189745988804479
3.234532161375353,0.3843088949660358,0.6156911050339642,0.23616252839565277,0.7638374716043472,45.11584340620394,0.7045789398773552
3.204351822438362,0.49391032130933765,0.5060896786906623,0.32827267050743103,0.671727329492569,43.086412103254816,0.6054722572508774
3.2404500009454034,0.40154720924881593,0.5984527907511841,0.23268753290176392,0.7673124670982361,43.928803996680266,0.6997686144408087
3.2638033341037826,0.3595685391509503,0.6404314608490498,0.20369595289230347,0.7963040471076965,39.39958470408918,0.7339550424065602
3.218920176277752,0.4525273958809908,0.5474726041190092,0.27132439613342285,0.7286756038665771,40.36387069773958,0.6561944158884789
3.17440408894073,0.4386579439367636,0.5613420560632365,0.27815553545951843,0.7218444645404816,41.764994104839325,0.6576435130705125
3.1403025175240735,0.3023114671383108,0.6976885328616892,0.19527071714401245,0.8047292828559875,42.992812873175296,0.7619130007396617
3.0911345985289884,0.5090811961517402,0.4909188038482598,0.3396531641483307,0.6603468358516693,44.39005561565917,0.5925756588130924
3.1727992581219047,0.4482841688298315,0.5517158311701685,0.26520034670829773,0.7347996532917023,49.60367643975212,0.6615661244430888
3.1900221314314927,0.4312060800748838,0.5687939199251162,0.2738822400569916,0.7261177599430084,48.0343063704292,0.6631882120149226
3.181480841987817,0.4584472993694809,0.5415527006305191,0.28278377652168274,0.7172162234783173,44.569247015903095,0.6469508501019848
3.188878280164449,0.42745150889252176,0.5725484911074783,0.2683658301830292,0.7316341698169708,47.03504685197206,0.6679998864122448
3.1764372148986073,0.530100808622587,0.4698991913774129,0.38481152057647705,0.615188479423523,45.71034326171689,0.5570727642050789
3.214573275235617,0.4225723245876065,0.5774276754123935,0.2692013680934906,0.7307986319065094,42.988594225096506,0.6694502552693276
3.1462845566509374,0.4408312277831729,0.559168772216827,0.2791305184364319,0.7208694815635681,44.88843481951917,0.6561892097458006
3.12512285960378,0.5492615573665774,0.4507384426334225,0.3812190890312195,0.6187809109687805,41.39801206711566,0.5515639474764953
3.123196464566498,0.5164561168621941,0.48354388313780594,0.325998991727829,0.674001008272171,43.69439562103005,0.5978181701393539
3.1338741361161917,0.5256665907581419,0.4743334092418582,0.3481270372867584,0.6518729627132416,44.07018945033146,0.5808571651665462
3.1519796222567806,0.5126456463528408,0.48735435364715923,0.34516170620918274,0.6548382937908173,44.50155491875659,0.5878447415752119
3.146978167083855,0.4883114491534534,0.5116885508465466,0.3396422266960144,0.6603577733039856,42.97642674284762,0.6008901141233324
3.110257169602312,0.534201932112009,0.46579806788799105,0.37955209612846375,0.6204479038715363,38.33128146186592,0.5585879635176537
3.12019221882778,0.44053833779167273,0.5594616622083273,0.2865922152996063,0.7134077847003937,43.1253515862758,0.6518293416640316
3.1055628680201743,0.5027727126836549,0.49722728731634513,0.3256922960281372,0.6743077039718628,45.81865631137344,0.6034755611515137
3.085197034491886,0.5322411714590515,0.4677588285409485,0.3687177002429962,0.6312822997570038,45.230219580118764,0.5658729589542975
3.0907064079892814,0.5439457301321687,0.45605426986783126,0.379936158657074,0.620063841342926,43.920644547003,0.5544600127528881
3.0883369417829503,0.5327302207001006,0.46726977929989955,0.38475415110588074,0.6152458488941193,44.36727489900877,0.5560554210564314
3.0827399684225663,0.45363524085635143,0.5463647591436486,0.28420019149780273,0.7157998085021973,42.17994122718812,0.6480258006797067
3.150312865198569,0.4705475624395075,0.5294524375604924,0.2966275215148926,0.7033724784851074,43.70353821571373,0.6338044799966549
3.2096458552791334,0.5486375157405406,0.4513624842594594,0.37298986315727234,0.6270101368427277,42.99000492542701,0.5567510638884914
3.234495268309108,0.4811553055398149,0.5188446944601851,0.29883235692977905,0.701167643070221,43.67103633844741,0.6282384874680645
3.224855381042828,0.6019280436515578,0.39807195634844217,0.4322214424610138,0.5677785575389862,39.68418198525631,0.4998959409046265
3.2705651721549467,0.4840551920425546,0.5159448079574454,0.33756136894226074,0.6624386310577393,43.55943096460556,0.6038411256594796
3.246582877833623,0.567062257352511,0.43293774264748897,0.41571497917175293,0.5842850208282471,46.66078065934917,0.5237461333978017
3.2945995181680066,0.4405915750660278,0.5594084249339721,0.29625311493873596,0.703746885061264,42.74919737710423,0.6460115248522051
3.325108770286067,0.4500314559151529,0.5499685440848471,0.2878836393356323,0.7121163606643677,40.07469110336054,0.6472572638348818
3.3525087983968875,0.38927586265449354,0.6107241373455065,0.2557544410228729,0.7442455589771271,38.287098110866175,0.6908369843640143
3.389732017528156,0.5424450122541546,0.45755498774584524,0.3792404532432556,0.6207595467567444,37.303651033807874,0.5554777410337781
3.4178077752560023,0.5811350799778442,0.4188649200221558,0.4198869466781616,0.5801130533218384,40.972576526046716,0.5156138178833588
3.464923943126866,0.5603042032920397,0.43969579670796033,0.40504902601242065,0.5949509739875793,44.75388343978855,0.5328489269175897
3.472083150514746,0.536549714312944,0.46345028568705604,0.3662225306034088,0.6337774693965912,44.23385091296807,0.565646631675564
3.479795652317034,0.5157390473522023,0.4842609526477978,0.3497556746006012,0.6502443253993988,42.60794791434764,0.5838510239824742
3.4627941475220645,0.5404848330450193,0.4595151669549808,0.36742475628852844,0.6325752437114716,42.45246514407923,0.5633512487716621
3.489044533924236,0.4603279453180805,0.5396720546819195,0.2716330885887146,0.7283669114112854,47.74745865295642,0.6528889746800035
3.4662800521880834,0.4828929350577932,0.5171070649422068,0.3096877336502075,0.6903122663497925,41.01621721144537,0.6210301977076872
3.4903879649397838,0.46103931418256316,0.5389606858174367,0.30617815256118774,0.6938218474388123,43.629156229558824,0.6318773887507265
3.496293959270467,0.510234140051772,0.48976585994822797,0.35670799016952515,0.6432920098304749,42.278755953986,0.5818815558380406
3.5211662759302684,0.5271576586465351,0.4728423413534649,0.3766690790653229,0.6233309209346771,40.56852290782681,0.5631355189045146
3.522914425426194,0.4560177967102531,0.5439822032897469,0.30568233132362366,0.6943176686763763,40.238010117551475,0.6341835123240469
3.451194650999369,0.5468533259143588,0.45314667408564124,0.36194297671318054,0.6380570232868195,41.90204646700415,0.5640928955272771
3.479386481372039,0.4914292053070032,0.5085707946929968,0.3045470416545868,0.6954529583454132,45.39575139048342,0.6207000809635177
3.513000833435166,0.43305815013617016,0.5669418498638299,0.2836494743824005,0.7163505256175995,41.565088953312674,0.656587085118414
3.472571672639905,0.41959075990333705,0.580409240096663,0.27437570691108704,0.725624293088913,41.53435364987514,0.6675383136152643
3.486313317120788,0.43502748183593487,0.5649725181640651,0.27481722831726074,0.7251827716827393,41.64446156450572,0.6610986821961986
3.4733683040324204,0.49433094212204,0.50566905787796,0.3191322088241577,0.6808677911758423,41.23778571762651,0.6107883216985472
3.465291932041636,0.4465587198894825,0.5534412801105175,0.29039180278778076,0.7096081972122192,42.31322149843571,0.647141460173861
3.408043118439922,0.5340086685941942,0.4659913314058058,0.36935368180274963,0.6306463181972504,42.5519440490921,0.5647843711643884
3.437956683792374,0.35970410533101616,0.6402958946689838,0.21258722245693207,0.7874127775430679,44.84935442015445,0.7285660214132021
3.4705595191252034,0.48381076977743603,0.5161892302225639,0.313941091299057,0.686058908700943,40.44081276152028,0.6181110313491269
3.5009240609036754,0.5244589310352719,0.47554106896472814,0.3431550860404968,0.6568449139595032,45.14908918041538,0.5843233819220577
3.5096263560431487,0.5142563973164622,0.48574360268353783,0.3447272479534149,0.6552727520465851,42.87855289403569,0.5874610923013662
3.5403539559788557,0.3812694052154766,0.6187305947845234,0.23176753520965576,0.7682324647903442,41.47816383487796,0.7084317346694093
3.566231858221009,0.5001450809827043,0.49985491901729573,0.3437521755695343,0.6562478244304657,38.63910818995922,0.5936906980279846
3.663862695490346,0.43848398383887466,0.5615160161611253,0.2584226429462433,0.7415773570537567,45.177340256654844,0.6695528445385621
3.696310295059528,0.43054106715415236,0.5694589328458476,0.27212852239608765,0.7278714776039124,45.379820732955686,0.6645064775820799
3.6673824616368216,0.46093905805055113,0.5390609419494489,0.3032754063606262,0.6967245936393738,43.17549049978879,0.6336591389238683
3.676347249563819,0.4569967963169603,0.5430032036830397,0.29072272777557373,0.7092772722244263,44.900466276201094,0.6427676567288005
3.705087692173214,0.533241445793783,0.46675855420621704,0.37901371717453003,0.62098628282547,43.92661484027724,0.5592952152196267
3.749109064125229,0.4358864631982432,0.5641135368017568,0.27486875653266907,0.7251312434673309,42.60444722105707,0.6607241846429592
3.7015965647313536,0.4507796233213982,0.5492203766786018,0.2946193218231201,0.7053806781768799,42.57811528395502,0.6429165635380332
3.6868554219765537,0.5588043812956242,0.44119561870437585,0.3976980149745941,0.6023019850254059,38.32982064173254,0.5378594206156004
3.6586571468685514,0.5151582269847605,0.4848417730152395,0.33021581172943115,0.6697841882705688,41.173844065591624,0.5958072281289016
3.6258010132196525,0.5876047151473631,0.412395284852637,0.4227427840232849,0.5772572159767151,43.51555282748955,0.5113124494875483
3.6334524545921902,0.5450064621385902,0.4549935378614097,0.3935717046260834,0.6064282953739166,46.181255956567355,0.5458543864084494
3.602504496377927,0.4999309296969627,0.5000690703030374,0.33144325017929077,0.6685567498207092,47.0598008803888,0.6011617018554984
3.586599776784393,0.5501859064746701,0.44981409352532986,0.4000813961029053,0.5999186038970947,40.167646582108745,0.5398768057088532
3.609315923849696,0.44143807555984427,0.5585619244401557,0.2820918560028076,0.7179081439971924,42.12322254931125,0.6541696859767001
3.5966724110439108,0.5263224317499725,0.4736775682500275,0.34503549337387085,0.6549645066261292,40.345815625934804,0.5824497551175464
3.5929276363445766,0.569923924837212,0.43007607516278795,0.4021846652030945,0.5978153347969055,41.26394890520036,0.530719648824652
3.6179271069588723,0.571401494333946,0.42859850566605384,0.4130338430404663,0.5869661569595337,40.61765025273706,0.5236191083630707
3.625695853417877,0.5302139870248815,0.46978601297511846,0.37706345319747925,0.6229365468025208,43.23180990097265,0.5616763571134178
3.61870158136461,0.4756584635698511,0.5243415364301489,0.2888871431350708,0.7111128568649292,42.740856458265,0.6364043346514816
3.624132166010213,0.49396795796253373,0.5060320420374662,0.3242267072200775,0.6757732927799225,42.95619331870221,0.607876780562011
3.628979247944214,0.5955670943181102,0.40443290568188983,0.4374203383922577,0.5625796616077423,43.24117896731767,0.4993209413560079
3.630540770609814,0.5296634036090289,0.47033659639097114,0.35256850719451904,0.647431492805481,41.712865822251196,0.576593546160606
3.6410428676045172,0.6358100993511883,0.36418990064881174,0.47446408867836,0.52553591132164,37.53110889813569,0.4609975249339021
3.70136269098304,0.5217977147037933,0.4782022852962067,0.3625243008136749,0.6374756991863251,40.74371455099399,0.5737663634326001
3.6594170156090824,0.5950269403419552,0.40497305965804486,0.4476895332336426,0.5523104667663574,40.46746294922608,0.49337552180442584
3.704349028539905,0.4701808757791594,0.5298191242208405,0.3338982164859772,0.6661017835140228,42.453085799660705,0.6115887436386078
3.6937022695210793,0.5250144883172012,0.4749855116827988,0.3603751063346863,0.6396248936653137,41.71723092191984,0.5737691706746302
3.685165142295047,0.4352502563190873,0.5647497436809127,0.29955822229385376,0.7004417777061462,39.51688057003394,0.6461649760169818
3.6729889275866605,0.5937971486930141,0.40620285130698586,0.4141172170639038,0.5858827829360962,40.33091806335893,0.5140108281658455
3.646497541129295,0.5877778700281194,0.41222212997188057,0.414385050535202,0.585614949464798,42.68459073171974,0.5162578157071666
3.634952778631684,0.589541299611418,0.41045870038858195,0.42135533690452576,0.5786446630954742,40.97480198277646,0.5113702839731818
3.5881476789993645,0.58935550813777,0.4106444918622299,0.4203423261642456,0.5796576738357544,39.80072195268597,0.512052418927738
3.5781059915614186,0.5547236302783225,0.44527636972167756,0.41345900297164917,0.5865409970283508,40.454160605337854,0.5300351461056816
3.5357906748861034,0.5776283138802146,0.4223716861197854,0.4185486137866974,0.5814513862133026,39.85367021352632,0.5178195478991471
3.5406748279547173,0.4965481980263161,0.5034518019736839,0.30896103382110596,0.691038966178894,48.33377851179345,0.6160041302991324
3.520531653795823,0.5517201096004178,0.4482798903995821,0.37307286262512207,0.6269271373748779,41.00994534518163,0.555468256466153
3.520326289429525,0.582466675431841,0.41753332456815895,0.418215811252594,0.581784188747406,42.70980391304867,0.5160838490361717
3.5076066809751922,0.5371449078913758,0.4628550921086242,0.3769929111003876,0.6230070888996124,42.177991284449,0.5589462782622882
3.533733703458914,0.5724682676544913,0.4275317323455087,0.4167528450489044,0.5832471549510956,42.917189328722515,0.5209610097507187
3.5473941810284857,0.5126269183714031,0.48737308162859694,0.3674512207508087,0.6325487792491913,41.60357182146081,0.574478530003276
3.5191310632826287,0.5420738827317465,0.4579261172682535,0.35235509276390076,0.6476449072360992,43.635112788639276,0.5717573852884965
3.5478315266513176,0.5307997465556022,0.46920025344439775,0.35036274790763855,0.6496372520923615,44.6230985850953,0.5774624407122471
3.573154412029999,0.4749565792332065,0.5250434207667936,0.3169688880443573,0.6830311119556427,41.28398230107411,0.619836047401032
3.539166591451181,0.47908444404719597,0.520915555952804,0.3312023878097534,0.6687976121902466,39.257871529086465,0.609644807576663
3.5255803907466117,0.4892985672466506,0.5107014327533494,0.3367724120616913,0.6632275879383087,39.43542015291655,0.602217125864325
3.4961192960715426,0.5029179879452403,0.49708201205475966,0.3579074740409851,0.6420925259590149,39.95533623541511,0.5840883501996352
3.4449722314815627,0.48302031132812395,0.516979688671876,0.31904736161231995,0.68095263838768,42.27903692105111,0.6153635061850743
3.3582923461434264,0.5913307236772655,0.40866927632273453,0.43177279829978943,0.5682272017002106,44.47124281332399,0.5044040136678267
3.34508672127604,0.4281154666397887,0.5718845333602113,0.2723274528980255,0.7276725471019745,46.13804178379136,0.665357389288985
3.2873256099819774,0.525775318818815,0.474224681181185,0.36930158734321594,0.6306984126567841,38.48772411430948,0.5681089439084024
3.236946593536415,0.5666978966440088,0.4333021033559911,0.3905370235443115,0.6094629764556885,41.693209037487286,0.538998645097203
3.1812037833911804,0.501121447343441,0.49887855265655906,0.3258243203163147,0.6741756796836853,41.515941710489955,0.6040568527146928
3.13439857713031,0.5034870267702999,0.49651297322970006,0.32346436381340027,0.6765356361865997,41.0683421248174,0.604526559082911
3.119455361670415,0.6118493947821771,0.38815060521782285,0.43277204036712646,0.5672279596328735,40.080298278641884,0.4955970417087112
3.1804108772189945,0.526918604168869,0.47308139583113096,0.34988078474998474,0.6501192152500153,43.673247555401076,0.5793040994033904
3.1553540893327345,0.5256264016985902,0.4743735983014098,0.3564615845680237,0.6435384154319763,41.86340935162632,0.5758725005006786
3.117811309812887,0.5239062104240381,0.47609378957596193,0.35568949580192566,0.6443105041980743,39.08786653829855,0.5770238243096939
3.1007353002155065,0.503436763478864,0.496563236521136,0.34369680285453796,0.656303197145462,40.95643064247647,0.5924072248166605
3.0785655517407404,0.5733980864083089,0.42660191359169103,0.43813231587409973,0.5618676841259003,38.58324933655163,0.5077614176354679
3.0904953244035482,0.5046378746102125,0.49536212538978747,0.3539167046546936,0.6460832953453064,40.60817800333803,0.5857948333235633
3.0269453190428095,0.48613201662990935,0.5138679833700907,0.3124162554740906,0.6875837445259094,44.618507851248715,0.6180974639054398
3.0242665239797413,0.5986360700763513,0.4013639299236487,0.4356548488140106,0.5643451511859894,39.100184087065706,0.4991526447996597
3.0112900503248774,0.5487514176685335,0.4512485823314665,0.3904608190059662,0.6095391809940338,39.37186338819726,0.5462229236476135
3.0516586179645024,0.6235668501631498,0.3764331498368501,0.4760873019695282,0.5239126980304718,41.72436471207262,0.4649208847134876
3.122069723888645,0.5584875460470489,0.44151245395295113,0.3844919204711914,0.6155080795288086,43.97329445878916,0.545909847179859
3.142138015404076,0.5372011257100056,0.46279887428999444,0.3675484359264374,0.6324515640735626,44.77005034605049,0.5645904941205998
3.1673727973944352,0.5918255628014644,0.4081744371985357,0.41515615582466125,0.5848438441753387,38.974893277095894,0.5141761171474044
3.1975639900023,0.4917282819907884,0.5082717180092116,0.32843202352523804,0.671567976474762,41.695582861902906,0.6062494969303998
3.230421169726151,0.5639552312527182,0.4360447687472818,0.3967776298522949,0.6032223701477051,39.30861395371479,0.5363513474689292
3.244409300897005,0.5819966888162574,0.4180033111837425,0.43183666467666626,0.5681633353233337,39.4062604440436,0.5080993316279617
3.2863630922398634,0.6074802243055576,0.39251977569444246,0.45077717304229736,0.5492228269577026,40.24407107576848,0.4865416064523986
3.3027862919709214,0.5715549945045479,0.42844500549545195,0.42172545194625854,0.5782745480537415,43.02585414501061,0.5183427489118191
3.296966450425878,0.5366253136628027,0.46337468633719725,0.35908427834510803,0.640915721654892,41.14710938033467,0.569899343290601
3.2937396367745224,0.5129055360960082,0.4870944639039918,0.3436942994594574,0.6563057005405426,42.56033148304192,0.5886212058859223
3.2993650178756084,0.6203334046957579,0.37966659530424196,0.47309496998786926,0.5269050300121307,41.750893426770524,0.46800967401036864
3.2900461774485033,0.5326183539175974,0.46738164608240257,0.351158082485199,0.648841917514801,41.18395635949919,0.5762578327836996
3.2654157512294333,0.6350962188575046,0.36490378114249544,0.474821537733078,0.525178462266922,38.30638432327716,0.4610685898171514
3.2901970185733056,0.5455846664459478,0.4544153335540522,0.4004243016242981,0.5995756983757019,39.217235564920905,0.5415115762889
3.2613168010594684,0.6003341633269915,0.39966583667300853,0.4349605441093445,0.5650394558906555,41.542438209021945,0.4988900141640612
3.3211935994391135,0.4758585084639907,0.5241414915360094,0.3165905177593231,0.6834094822406769,42.30885894114127,0.6197022799983454
3.3138195913824693,0.48389679821680287,0.5161032017831971,0.31084415316581726,0.6891558468341827,42.002189504935075,0.619934794774253
3.289843502535689,0.4594079120494353,0.5405920879505647,0.327569842338562,0.672430157661438,39.57292545388976,0.6196949536189466
3.272252526527195,0.6212800135366433,0.37871998646335675,0.44880861043930054,0.5511913895606995,39.130902982997846,0.4822028462031558
3.2567181223551893,0.6202149429020475,0.3797850570979525,0.43963223695755005,0.56036776304245,43.60835315011852,0.48813470450650887
3.27792499546864,0.6057201929859679,0.3942798070140321,0.4512350559234619,0.5487649440765381,39.57844500953688,0.48697090117246467
3.2621663804390346,0.5941219481014939,0.40587805189850606,0.4429887533187866,0.5570112466812134,38.68396837150061,0.49655798068905943
3.3038698271912077,0.5330692515399775,0.4669307484600223,0.395460844039917,0.604539155960083,39.54170834112449,0.5494957989205232
3.275411922778443,0.5626065992429352,0.43739340075706484,0.3980247974395752,0.6019752025604248,39.129348625957725,0.5361424937600098
3.2730724653455425,0.5293639167407634,0.4706360832592365,0.33613497018814087,0.6638650298118591,47.55063831928294,0.5865734690722035
3.2379454976328166,0.5966845015568876,0.4033154984431125,0.4330727159976959,0.5669272840023041,43.521970542936366,0.5014826055414143
3.234869514128017,0.5794595292547111,0.4205404707452889,0.3933728039264679,0.6066271960735321,45.11554044851584,0.5321925476654862
3.2118188685835722,0.6007583648696211,0.39924163513037886,0.4353961944580078,0.5646038055419922,41.387510100521304,0.49845893737734687
3.235216965488328,0.6152313069568022,0.38476869304319794,0.4701741635799408,0.5298258364200592,40.88876026599752,0.4718029790693147
3.2736507969354856,0.5069181036431893,0.49308189635681066,0.3666417598724365,0.6333582401275635,40.35219643646527,0.5772477145401913
3.2461270328727623,0.5453903565322613,0.4546096434677387,0.37194547057151794,0.6280545294284821,42.44424576111902,0.5586765810046492
3.2813661396361233,0.5325917241617125,0.4674082758382874,0.3490331470966339,0.6509668529033661,42.28018956053314,0.5775434578401215
3.289534524784429,0.4792178459133643,0.5207821540866356,0.32054078578948975,0.6794592142105103,40.237106900732684,0.6159883961214249
3.2608996500143848,0.4906893956466535,0.5093106043533465,0.33526185154914856,0.6647381484508514,38.92821400024285,0.6025671725351008
3.285128909022732,0.4681901644119112,0.5318098355880888,0.3061559498310089,0.6938440501689911,40.940347541106355,0.629030400099417
3.3065484229524538,0.49223543165738776,0.5077645683426122,0.3260871469974518,0.6739128530025482,41.82416762880316,0.6074535749013606
3.2621393024378684,0.5194736167821252,0.4805263832178747,0.35952845215797424,0.6404715478420258,42.399291639047256,0.5764935296760811
3.1887424303905925,0.6224396897816166,0.37756031021838343,0.45872020721435547,0.5412797927856445,41.22018666088825,0.47579201167966906
3.1922233774582396,0.41576865106997635,0.5842313489300237,0.2707745134830475,0.7292254865169525,42.87383304019051,0.671227855324039
3.1485982748345327,0.5852732377230001,0.4147267622769999,0.42977553606033325,0.5702244639396667,38.60270130993428,0.5080253892350645
3.122400393609567,0.6023390162853303,0.39766098371466974,0.43518272042274475,0.5648172795772552,42.99287672385603,0.4979547969950079
3.098371702756334,0.5089323474184041,0.4910676525815959,0.33658555150032043,0.6634144484996796,41.30095907531838,0.5944757599347685
3.0723763182536765,0.5719575961654495,0.4280424038345505,0.40425214171409607,0.5957478582859039,40.318978227106754,0.5286656586239691
3.0751903393709936,0.6055231823684204,0.39447681763157955,0.43689626455307007,0.5631037354469299,38.45648201039108,0.4956529802417188
3.151327238048797,0.5863055598188304,0.4136944401811695,0.43065887689590454,0.5693411231040955,40.88719851919598,0.5070824558953896
3.1673199846463485,0.5592391438633435,0.44076085613665655,0.4031716287136078,0.5968283712863922,40.06345393334423,0.5344013592660335
3.2034459352127485,0.5668433345154551,0.43315666548454496,0.40195906162261963,0.5980409383773804,40.134750387152984,0.5320872471016397
3.2518340088470623,0.5506770275916267,0.44932297240837327,0.3700128495693207,0.6299871504306793,42.83102635685655,0.5577214911426859
3.2921332735762374,0.612081578556142,0.38791842144385796,0.4623318612575531,0.5376681387424469,41.232701900037505,0.4777682399020824
3.343222129392469,0.5355084171788732,0.46449158282112685,0.3809167146682739,0.6190832853317261,41.68840738049707,0.5572466102879509
3.3084823275125785,0.5021597193160722,0.4978402806839278,0.33774125576019287,0.6622587442398071,41.78597291455795,0.5964913707383843
3.3403237944172925,0.6426833755538456,0.3573166244461544,0.4861948788166046,0.5138051211833954,36.448601892287,0.4512097403698925
3.3496491931183336,0.5904483743767188,0.4095516256232811,0.4414994716644287,0.5585005283355713,39.20878692497675,0.4989209732111197
3.380912589672065,0.6471625310372523,0.35283746896274765,0.491658091545105,0.508341908454895,42.00861108594611,0.4461401505394295
3.428611024298528,0.562512126060435,0.43748787393956495,0.4011857509613037,0.5988142490386963,43.19201452937927,0.5342837228409016
3.388604305925933,0.5660353724237568,0.4339646275762432,0.3967626988887787,0.6032373011112213,42.54991990816528,0.5355282316972301
3.3836018429795454,0.6067836600743568,0.3932163399256432,0.44918498396873474,0.5508150160312653,37.64373891847374,0.4877755455890165
3.3967342203124535,0.48479872258064877,0.5152012774193512,0.3286469578742981,0.6713530421257019,40.19993371153054,0.608892366045484
3.370859383637616,0.6353473431841354,0.3646526568158645,0.4785604178905487,0.5214395821094513,39.7175070947623,0.4587248000710876
3.3434451993937335,0.6173161364694059,0.382683863530594,0.4652024507522583,0.5347975492477417,38.89998110586415,0.4739520809213471
3.3449412352259698,0.6116431563794377,0.38835684362056233,0.44800740480422974,0.5519925951957703,40.02687696389581,0.48653830052615155
3.3812088040984425,0.6064538654871451,0.3935461345128549,0.45072779059410095,0.549272209405899,41.3931889658103,0.4869817734882169
3.393976036722892,0.5262679558172937,0.47373204418270626,0.34140029549598694,0.6585997045040131,42.04180884089845,0.5846526880592062
3.402859889898556,0.5613561412733828,0.4386438587266171,0.3926164507865906,0.6073835492134094,41.30314293287316,0.5398876730186926
3.420272313993994,0.6250994719571931,0.37490052804280694,0.48923659324645996,0.51076340675354,41.008421531367276,0.45641826719017575
3.4205384394790213,0.5268630721643855,0.47313692783561445,0.34975558519363403,0.650244414806366,41.28116397171164,0.5794014438599233
3.417331034343462,0.6605820629314368,0.33941793706856316,0.5017648339271545,0.49823516607284546,37.39013580796725,0.43470828043159704
3.455530097467355,0.572140542189784,0.427859457810216,0.41258978843688965,0.5874102115631104,39.96869167170299,0.5235899219828816
3.4163572086534657,0.6346659628857035,0.3653340371142966,0.4802890121936798,0.5197109878063202,43.98151419325598,0.45796023137136865
3.478176755665089,0.5067010136393639,0.4932989863606361,0.3535412549972534,0.6464587450027466,40.60202231489464,0.5851948534668314
3.487272179534334,0.5773030125762331,0.42269698742376693,0.40854617953300476,0.5914538204669952,42.87306786360616,0.5239510812892394
3.5026415300503793,0.462324910765455,0.537675089234545,0.3294501006603241,0.6705498993396759,38.56733294021275,0.6173999872185525
3.5135151899831905,0.6342188828281711,0.36578111717182893,0.4782467484474182,0.5217532515525818,38.17464706678195,0.4593644156816741
3.5057153564458816,0.6334204729658602,0.36657952703413976,0.4746534824371338,0.5253465175628662,39.84212058587013,0.4618397392327691
3.544145217194066,0.6376271300961442,0.3623728699038558,0.49716076254844666,0.5028392374515533,39.756939419249285,0.44665269043247435
3.5201451846774194,0.6225334398967877,0.37746656010321233,0.4600905478000641,0.5399094521999359,38.44910911636548,0.47493232516356887
3.5493809048491567,0.5950613519628664,0.40493864803713364,0.44769763946533203,0.552302360534668,39.413538655169695,0.49335689937751215
3.5364303470629386,0.595897534039252,0.40410246596074795,0.441998153924942,0.558001846075058,38.757207438213975,0.49644212383165637
3.5573454999407703,0.537134154457691,0.46286584554230903,0.3543589115142822,0.6456410884857178,45.867046340003036,0.5725310211106767
3.531755681034036,0.6524329777652383,0.34756702223476155,0.48353514075279236,0.5164648592472076,40.20249404705876,0.4489057244422292
3.5372196857341303,0.6035034738226895,0.39649652617731057,0.4285554587841034,0.5714445412158966,41.04676534099335,0.5014653292399978
3.4883186335223693,0.5913920755070259,0.4086079244929741,0.43847283720970154,0.5615271627902985,38.8368410522754,0.5003594674713687
3.475306169584324,0.6283530936394561,0.37164690636054387,0.4884052574634552,0.5115947425365448,38.74574287306932,0.4556156497893958
3.495776781207259,0.5568965932138932,0.44310340678610693,0.4170736074447632,0.5829263925552368,39.32281913835545,0.5269972161289783
3.4684973744843863,0.6040021028583269,0.39599789714167305,0.4281250238418579,0.5718749761581421,44.093187161453265,0.5015241445515545
3.492209518868498,0.5597321420666677,0.44026785793333234,0.37658554315567017,0.6234144568443298,44.69212181980418,0.5501558232403954
3.5116948091969125,0.5147404925176593,0.4852595074823407,0.34747812151908875,0.6525218784809113,41.831084824571285,0.585616942002412
3.4811277515560954,0.49638675750365824,0.5036132424963418,0.33546319603919983,0.6645368039608002,39.02924292187073,0.6001674091773392
3.490783665171117,0.4902319150385793,0.5097680849614208,0.33848515152931213,0.6615148484706879,37.613388064041125,0.6008161728693034
3.517837449987675,0.5458604364782753,0.45413956352172463,0.39391225576400757,0.6060877442359924,38.17457480458463,0.5453084719502853
3.51577795436354,0.534910979993342,0.4650890200066578,0.37503525614738464,0.6249647438526154,40.78908012379622,0.5610144483537679
3.4403140655572155,0.6459713702295269,0.35402862977047306,0.4884686768054962,0.5115313231945038,41.63453356286528,0.4485302815876784
3.448498650059373,0.5012529673262479,0.4987470326737521,0.34258514642715454,0.6574148535728455,43.14749732768385,0.593947749055066
3.4179113909144165,0.5928058433517164,0.4071941566482836,0.43020445108413696,0.569795548915863,38.918320264018924,0.5047550039297602
3.3694131814521975,0.6128116794608213,0.38718832053917873,0.4523804187774658,0.5476195812225342,40.859804443169516,0.48344709483058546
3.317505498174665,0.5736079472248359,0.42639205277516407,0.4017510712146759,0.5982489287853241,39.06769350790531,0.529506214144047
3.2850646797680527,0.6020496297922825,0.3979503702077175,0.4428573548793793,0.5571426451206207,37.70467172329577,0.49346573515545944
3.2824818187439355,0.6040607834779596,0.3959392165220404,0.44570520520210266,0.5542947947978973,37.25982105373927,0.4909525873294125
3.295003187628317,0.5855942766630908,0.4144057233369092,0.4274929165840149,0.5725070834159851,42.02249738138255,0.5092665393843547
3.2801177597432485,0.5750300453248253,0.42496995467517473,0.410027414560318,0.589972585439682,41.130550573986525,0.5239715629362015
3.2700099708072,0.5502679732306371,0.44973202676936297,0.40528184175491333,0.5947181582450867,39.152191905121875,0.5367237056547972
3.3020242221181606,0.5162420057177622,0.48375799428223776,0.34898295998573303,0.651017040014267,39.35143148655279,0.5841134455633132
3.347982573704645,0.6299644974647208,0.37003550253527917,0.4743346869945526,0.5256653130054474,38.50751045651935,0.46341337093598667
3.4013426245768152,0.5456241051259259,0.4543758948740742,0.3854808807373047,0.6145191192626953,42.19096351904438,0.5504618295072469
3.385166818379016,0.49832238436496373,0.5016776156350363,0.33982881903648376,0.6601711809635162,49.39777530121865,0.5967737429111953
3.380574764138556,0.6176978017161446,0.38230219828385537,0.48381584882736206,0.5161841511726379,40.799110310181774,0.46263138193805386
3.3775893103016146,0.6026710642083817,0.3973289357916182,0.4446316361427307,0.5553683638572693,41.69350650457492,0.49215259263100886
3.39155322700661,0.657848195588278,0.342151804411722,0.5090032815933228,0.49099671840667725,40.596324075183226,0.4314587647296241
3.402977347039171,0.6167916679092094,0.3832083320907907,0.45419028401374817,0.5458097159862518,40.721997754768125,0.4807691922303898
3.377134118658701,0.5589045167450065,0.4410954832549935,0.4015454351902008,0.5984545648097992,40.43220847965786,0.5355109679506638
3.3916761575122036,0.6011093508640521,0.39889064913594785,0.4533083438873291,0.5466916561126709,36.17522516059375,0.48757125928244616
3.397369222608983,0.5374041255964446,0.4625958744035554,0.3751680254936218,0.6248319745063782,40.00476604864375,0.559937558307107
3.3804782634510837,0.6463366101918083,0.3536633898081917,0.49838733673095703,0.501612663269043,39.460759665976994,0.44243295984516695
