0.0011767199030146003,7.807108340784907e-05,0.007015489041805267,0.0007172620971687138,0.033678796142339706,0.003407310927286744,0.004894244018942118,0.013455591164529324
0.0019805545452982187,0.0,0.0,0.0,0.0783078595995903,0.0,0.0,0.0
0.0,0.0,0.0005465476424433291,0.0,0.06909185647964478,0.0,0.0006340148975141346,0.0011046394938603044
0.0,0.0,0.0,0.0,0.09719105064868927,0.0,0.0,0.0
0.0,0.0,0.0011492931516841054,0.0,0.08069087564945221,0.0,0.0019686033483594656,0.013709450140595436
0.0,0.0,0.03308012709021568,0.0,0.0793207511305809,0.0,0.0,0.007041916251182556
0.0,0.0,0.02690165489912033,0.0,0.10534263402223587,0.0,0.0,0.008312324993312359
0.0,0.0,0.011292172595858574,0.0,0.12525467574596405,0.0,0.0,0.0011139578418806195
0.0,0.0,0.004284045193344355,0.0,0.14032211899757385,0.0,0.0,0.0012485593324527144
0.0,0.0,0.02468007244169712,0.0,0.14618510007858276,0.0,0.0,0.0
0.0003389256016816944,0.0,0.08354827016592026,0.030515937134623528,0.17274896800518036,0.0,0.0,0.0
0.0004993758047930896,0.0,0.13682441413402557,0.011835393495857716,0.1614343672990799,0.0,0.0,0.0
0.0010526315309107304,0.0,0.11282837390899658,0.0,0.15257340669631958,0.0,0.0,0.0023517883382737637
0.00065659882966429,6.865397153887898e-06,0.13813920319080353,0.009511228650808334,0.1273319572210312,0.0,0.0,0.0
0.0006279716617427766,9.189487172989175e-05,0.10152944922447205,0.012075305916368961,0.10854343324899673,0.0,0.0,0.007698851637542248
0.006842489819973707,0.00032039545476436615,0.01615361124277115,0.004480746574699879,0.2707764506340027,0.0,0.000348918343661353,0.014168530702590942
0.011890484020113945,0.009294021874666214,0.08467230200767517,0.013973289169371128,0.47216281294822693,0.0015576323494315147,0.005918827373534441,0.024816613644361496
0.011695095337927341,0.00047061877558007836,0.15327197313308716,0.050386421382427216,0.3036450743675232,0.0,0.046399861574172974,0.017652787268161774
0.00890047661960125,0.0004779293667525053,0.10298179090023041,0.07590514421463013,0.2581027150154114,0.0,0.10555455088615417,0.013743278570473194
0.01747547835111618,0.0012341523543000221,0.13922366499900818,0.04788101091980934,0.29113712906837463,0.0,0.03693586587905884,0.02865433506667614
0.013560731895267963,0.0,0.24082478880882263,0.011508498340845108,0.36501041054725647,0.000791556725744158,0.06696166843175888,0.0
0.01803729683160782,0.00016564960242249072,0.28059524297714233,0.10741961747407913,0.13567733764648438,0.0,0.11153153330087662,0.011440107598900795
0.02784675359725952,4.839677785639651e-05,0.14973261952400208,0.041001927107572556,0.35692575573921204,0.0,0.025809913873672485,0.0020717582665383816
0.023214858025312424,0.0,0.2921527028083801,0.010912974365055561,0.4287044405937195,0.0,0.31438812613487244,0.01871657744050026
0.01958598755300045,0.0007605943246744573,0.0991688147187233,0.03304192051291466,0.515269935131073,0.0,0.24891120195388794,0.008567542769014835
0.01168077252805233,0.0,0.0,0.05812331289052963,0.38586175441741943,0.0,0.026555592194199562,0.0118869012221694
0.011736015789210796,0.0033059443812817335,0.029243936762213707,0.03668161481618881,0.4648074507713318,0.0,0.10685177147388458,0.014923258684575558
0.0054930332116782665,0.0014805035898461938,0.07524380087852478,0.016141429543495178,0.22878813743591309,0.0,0.1656879037618637,0.026335913687944412
0.015235093422234058,0.0,0.14584659039974213,0.034859366714954376,0.5509891510009766,0.0,0.12006068229675293,0.07280100882053375
0.008286475203931332,0.0,0.05760066956281662,0.054158035665750504,0.28317439556121826,0.0,0.08847338706254959,0.036226216703653336
0.004792714957147837,1.6809561884656432e-06,0.14299450814723969,0.02695889212191105,0.21963205933570862,0.0,0.1341741383075714,0.014970059506595135
0.004069636110216379,0.000332771276589483,0.004486267454922199,0.0,0.3448995351791382,0.0,0.2748721241950989,0.03175876662135124
0.013069139793515205,9.529470844427124e-05,0.07150766998529434,0.03841486573219299,0.5161349177360535,0.0,0.4129224121570587,0.04606873169541359
0.002477700589224696,0.0,0.07503591477870941,0.07004023343324661,0.28227710723876953,0.0,0.18866382539272308,0.014476615004241467
0.00821596197783947,0.0003769086324609816,0.21465741097927094,0.08957205712795258,0.32827308773994446,0.0,0.028955912217497826,0.02081071212887764
0.012826602905988693,0.0017398656345903873,0.062189243733882904,0.052711717784404755,0.3717818260192871,0.0,0.03609218820929527,0.01735595427453518
0.024764735251665115,4.24363897764124e-05,0.060453150421381,0.027810418978333473,0.5341247916221619,0.0,0.21909528970718384,0.05747458338737488
0.07862084358930588,7.919062772998586e-05,0.20814792811870575,0.10577479749917984,0.4199867248535156,0.0,0.2008243352174759,0.03614940866827965
0.05529351904988289,0.00047021714271977544,0.20933794975280762,0.0821199119091034,0.3888508379459381,0.0,0.3706829249858856,0.03663378953933716
0.0476565808057785,5.1619163059513085e-06,0.01479900348931551,0.09994655102491379,0.42817509174346924,0.0,0.36188822984695435,0.04904109612107277
0.04043111950159073,0.0008217321010306478,0.03825366497039795,0.1489613801240921,0.4719511568546295,0.0,0.4595046639442444,0.07038480043411255
0.031143415719270706,0.0011553497752174735,0.1646479368209839,0.057860925793647766,0.3679910898208618,0.0,0.434670627117157,0.08435924351215363
0.04353597015142441,0.0010965545661747456,0.3447931110858917,0.12785032391548157,0.4514882266521454,0.0,0.2823260724544525,0.06883767247200012
0.03824247419834137,0.0,0.3285778760910034,0.11496537923812866,0.23409032821655273,0.0,0.15310733020305634,0.11809353530406952
0.07978947460651398,0.0016087807016447186,0.33534833788871765,0.1436256468296051,0.40907591581344604,0.0,0.09991249442100525,0.07919895648956299
0.06660353392362595,0.0020954087376594543,0.30017274618148804,0.14457274973392487,0.3852483630180359,0.0,0.1465989649295807,0.05882611125707626
0.03050847537815571,0.0,0.1428571492433548,0.0,0.5097982287406921,0.0,0.48004403710365295,0.11327976733446121
0.01370912790298462,0.0002502413117326796,0.19838441908359528,0.0699404776096344,0.3464570939540863,0.0,0.32521167397499084,0.041690193116664886
0.06620720773935318,0.0010299612767994404,0.3554270565509796,0.06662354618310928,0.4521867334842682,0.01812688820064068,0.4427502155303955,0.07649814337491989
0.17755596339702606,0.00026575810625217855,0.24415430426597595,0.003909643739461899,0.5040616393089294,0.0,0.4663306474685669,0.05803640931844711
0.13703957200050354,0.0006238785572350025,0.45609208941459656,0.042044274508953094,0.3980836868286133,0.00909090880304575,0.04902748763561249,0.06542391330003738
0.10085652768611908,0.0015601628692820668,0.07230436056852341,0.09052924811840057,0.4178871214389801,0.0,0.2447330206632614,0.030652310699224472
0.11631685495376587,0.003669342026114464,0.19727779924869537,0.10447589308023453,0.5647850632667542,0.0033090668730437756,0.37987637519836426,0.001721170381642878
0.16835303604602814,0.003121758811175823,0.24674338102340698,0.20412252843379974,0.5555999279022217,0.0,0.5089393854141235,0.031200353056192398
0.12527339160442352,0.0008100035483948886,0.3594825267791748,0.07662735134363174,0.33192840218544006,0.0,0.09229566156864166,0.052746739238500595
0.2752552628517151,0.0,0.2587583363056183,0.11524366587400436,0.6390056610107422,0.0,0.3479938209056854,0.05480038747191429
0.24834801256656647,0.0,0.3490523099899292,0.2902921736240387,0.4538719654083252,0.0,0.14043863117694855,0.04501104727387428
0.11056216061115265,7.426937372656539e-05,0.32818421721458435,0.17448635399341583,0.575218677520752,0.0,0.5565517544746399,0.0793217271566391
0.14385513961315155,0.0,0.18126234412193298,0.15426164865493774,0.3660135269165039,0.0,0.4296939969062805,0.0974629670381546
0.16351009905338287,0.0,0.31214985251426697,0.19176822900772095,0.34137624502182007,0.0,0.28666409850120544,0.028576970100402832
0.16160759329795837,0.0,0.22970296442508698,0.15682505071163177,0.31815776228904724,0.0,0.11557194590568542,0.014217257499694824
0.35433071851730347,0.00015370426990557462,0.2555895745754242,0.11429315060377121,0.6420272588729858,0.0,0.42072829604148865,0.06253910809755325
0.3753814995288849,0.0011596647091209888,0.6068933606147766,0.4131479263305664,0.5245712399482727,0.0,0.52781081199646,0.09260479360818863
0.3754906952381134,0.0001629195176064968,0.3407379388809204,0.4962364733219147,0.5128670930862427,0.0,0.38121312856674194,0.10381349176168442
0.08277421444654465,0.0,0.25920021533966064,0.06513911485671997,0.4281691312789917,0.0,0.496139258146286,0.07259492576122284
0.2649621367454529,0.0019482007483020425,0.49706214666366577,0.3307395875453949,0.4784397482872009,0.0,0.670414388179779,0.0657164454460144
0.26038849353790283,0.0,0.3457028567790985,0.21251530945301056,0.44862452149391174,0.0,0.6258593797683716,0.05537800490856171
0.38556066155433655,0.000508802302647382,0.27455466985702515,0.18706664443016052,0.39528727531433105,0.0,0.22435800731182098,0.018999848514795303
0.5070063471794128,0.0017443550750613213,0.19646799564361572,0.06869050860404968,0.3168734312057495,0.0,0.24332767724990845,0.030377641320228577
0.4032723903656006,0.0002912904310505837,0.32350924611091614,0.056186869740486145,0.5696942210197449,0.0,0.5026835203170776,0.0481037013232708
0.49329015612602234,0.006891569122672081,0.28041988611221313,0.236060231924057,0.4760560393333435,0.0,0.5475468039512634,0.12777359783649445
0.30052292346954346,0.001807909575290978,0.3366762101650238,0.46058329939842224,0.594649076461792,0.0,0.6584882140159607,0.13181065022945404
0.3282703161239624,0.0008001066744327545,0.2448318600654602,0.28632479906082153,0.41639718413352966,0.0,0.4156641364097595,0.04512413218617439
0.2672451138496399,0.0,0.2214810848236084,0.3035152852535248,0.3649637997150421,0.0,0.4137723743915558,0.03285810723900795
0.23871491849422455,0.0,0.25435417890548706,0.22584834694862366,0.2938563823699951,0.0,0.11842340975999832,0.04210403934121132
0.28234875202178955,0.0,0.4637989103794098,0.45651188492774963,0.16627247631549835,0.0,0.19697394967079163,0.01185434591025114
0.30100199580192566,0.00030415679793804884,0.2632506191730499,0.33438563346862793,0.4519727826118469,0.0,0.10178453475236893,0.08029183745384216
0.3843974769115448,0.0,0.29486405849456787,0.23411723971366882,0.44203317165374756,0.0,0.43797996640205383,0.04897909611463547
0.279060959815979,0.0002118323463946581,0.17886178195476532,0.29061073064804077,0.6087481379508972,0.0,0.5260634422302246,0.09351193904876709
0.16423840820789337,0.0,0.11156441271305084,0.4673343896865845,0.36367684602737427,0.0,0.1380838006734848,0.01928671821951866
0.4323406517505646,0.0010052447905763984,0.20142509043216705,0.18664751946926117,0.5366141200065613,0.0,0.36577489972114563,0.08376560360193253
0.18667006492614746,0.0,0.10775473713874817,0.051202137023210526,0.4684714674949646,0.0,0.2726992964744568,0.03174295648932457
0.23834607005119324,0.00032828960684128106,0.2149122804403305,0.13808652758598328,0.5206320881843567,0.0,0.18806400895118713,0.10206000506877899
0.30344080924987793,0.002358393743634224,0.22466248273849487,0.10260477662086487,0.3278784155845642,0.0,0.5259279608726501,0.04659637436270714
0.2813340425491333,8.605852053733543e-05,0.2490636706352234,0.16777819395065308,0.6148974895477295,0.0,0.5533297061920166,0.13696880638599396
0.35148516297340393,0.004177217837423086,0.0631818175315857,0.0,0.42713382840156555,0.0,0.5135759711265564,0.07533778250217438
0.38665860891342163,0.0006609073025174439,0.1088467612862587,0.2364652454853058,0.40515291690826416,0.0,0.4812691807746887,0.08259261399507523
0.4990706443786621,0.0,0.42874932289123535,0.3195398449897766,0.23230431973934174,0.0,0.3843202292919159,0.005093919113278389
0.15488505363464355,0.0005774652818217874,0.21148543059825897,0.2387806922197342,0.4066922962665558,0.0,0.18088525533676147,0.048399657011032104
0.2369617521762848,0.0,0.08150690048933029,0.25485625863075256,0.5562263131141663,0.0,0.43821293115615845,0.02380567602813244
0.2457437664270401,0.0,0.0938037857413292,0.22269663214683533,0.7038014531135559,0.0,0.48700425028800964,0.021190330386161804
0.23549672961235046,0.000251901859883219,0.2725515365600586,0.3074919283390045,0.49303480982780457,0.0,0.3350231349468231,0.05492440238595009
0.27085772156715393,0.00012294830230530351,0.30110952258110046,0.2821449935436249,0.4793122708797455,0.0,0.5804929733276367,0.05983647704124451
0.27195706963539124,5.981934737064876e-05,0.17601951956748962,0.06538717448711395,0.5157061219215393,0.0,0.41044774651527405,0.05906331166625023
0.11296325922012329,0.0,0.392699658870697,0.299439936876297,0.6178761124610901,0.0006353239878080785,0.5515323877334595,0.08705119788646698
0.18717505037784576,0.002099822275340557,0.42599278688430786,0.2463846206665039,0.4925779104232788,0.0,0.5723870992660522,0.09107476472854614
0.40562912821769714,0.0015199058689177036,0.3817618191242218,0.4737212061882019,0.5025672912597656,0.0,0.4263441562652588,0.07694033533334732
0.4125542938709259,0.0,0.42930880188941956,0.585070788860321,0.39994025230407715,0.0,0.3578512370586395,0.04795687273144722
0.3111498951911926,0.005534662399441004,0.37890204787254333,0.5152031183242798,0.4469383955001831,0.0046542552299797535,0.31655776500701904,0.06755587458610535
0.21651965379714966,0.013412297703325748,0.4512844681739807,0.4784749150276184,0.6401907801628113,0.018912529572844505,0.5475450754165649,0.09284127503633499
0.26447924971580505,0.0,0.33688339591026306,0.009303287602961063,0.5121016502380371,0.0,0.6427626609802246,0.12720268964767456
0.26140064001083374,0.0,0.2497299611568451,0.3008689284324646,0.4126320779323578,0.0,0.38282209634780884,0.09544874727725983
0.4900568127632141,0.0,0.5036864280700684,0.39403247833251953,0.5285232067108154,0.01080000028014183,0.712975263595581,0.07954958081245422
0.5230769515037537,0.0,0.4297627806663513,0.38790497183799744,0.4854351580142975,0.0034331227652728558,0.6359283924102783,0.08903593569993973
0.3028421998023987,0.00985985342413187,0.5090005397796631,0.44183486700057983,0.4503551721572876,0.034965917468070984,0.21434997022151947,0.07721435278654099
0.24016064405441284,0.006599158048629761,0.126650869846344,0.2201337367296219,0.4020960032939911,0.005739795975387096,0.5767037272453308,0.0568532794713974
0.3025435209274292,0.0011631965171545744,0.25213155150413513,0.2630453407764435,0.5354142785072327,0.047977421432733536,0.31674161553382874,0.040556445717811584
0.33498287200927734,0.0,0.21580198407173157,0.4379185140132904,0.550319492816925,0.07943416386842728,0.6462413668632507,0.08421088755130768
0.24347414076328278,0.0017594910459592938,0.29931482672691345,0.4279390871524811,0.344404011964798,0.05632606893777847,0.17190144956111908,0.10910684615373611
0.4274117946624756,0.005280140787363052,0.37682202458381653,0.41707533597946167,0.6399163007736206,0.0,0.5179603695869446,0.07978654652833939
0.40937256813049316,0.00026638252893462777,0.3132765293121338,0.5460538268089294,0.4499598443508148,0.014365523122251034,0.319445937871933,0.015023583546280861
0.4321558177471161,0.0,0.43060997128486633,0.6547186970710754,0.6253233551979065,0.0,0.6659430265426636,0.09879163652658463
0.2521495819091797,0.0,0.29384851455688477,0.33241093158721924,0.4704309403896332,0.003853564616292715,0.560459554195404,0.07286286354064941
0.2538231909275055,0.0,0.44328030943870544,0.38085195422172546,0.517018735408783,0.0,0.5350697040557861,0.07898624241352081
0.24003729224205017,0.0011879305820912123,0.29864203929901123,0.3389667570590973,0.36674219369888306,0.0,0.22535040974617004,0.019717246294021606
0.5656610727310181,0.0,0.2891151010990143,0.2643792927265167,0.6706601977348328,0.0,0.7177587151527405,0.1752452701330185
0.33084842562675476,0.0,0.3776237368583679,0.22048364579677582,0.5304362773895264,0.0062283738516271114,0.7416820526123047,0.15989811718463898
0.37525424361228943,0.0011640646262094378,0.5111995935440063,0.4967808127403259,0.6490107774734497,0.01621621660888195,0.724173903465271,0.08829449862241745
0.27025994658470154,0.0,0.4348020553588867,0.2753942608833313,0.5926578640937805,0.0,0.5871538519859314,0.16807013750076294
0.4290514290332794,0.0,0.47711101174354553,0.525749921798706,0.5479782819747925,0.007242339663207531,0.6108291149139404,0.1112465187907219
0.29301977157592773,0.0,0.46236559748649597,0.319640576839447,0.4814774990081787,0.0,0.6829070448875427,0.1124727725982666
0.43768996000289917,0.0,0.32805293798446655,0.4014793038368225,0.4076048731803894,0.0,0.253752738237381,0.054579958319664
0.482587069272995,0.0,0.2675085961818695,0.2013888955116272,0.30035632848739624,0.0,0.29614150524139404,0.045712076127529144
0.4477040767669678,0.0,0.23798882961273193,0.27687686681747437,0.5345467925071716,0.0,0.5772430300712585,0.0752975344657898
0.6272032856941223,0.0001159017119789496,0.3341880440711975,0.32689282298088074,0.5406721830368042,0.0,0.6037649512290955,0.22494544088840485
0.3992021977901459,0.0,0.42755237221717834,0.3913639485836029,0.5397346615791321,0.00033658702159300447,0.4840036630630493,0.1649639755487442
0.40527501702308655,0.00034746353048831224,0.28121694922447205,0.38447949290275574,0.4720814824104309,0.008163264952600002,0.4193999767303467,0.09068915992975235
0.2831161916255951,0.0,0.3129771053791046,0.4889562726020813,0.4052194356918335,0.05800756439566612,0.44959908723831177,0.11714719235897064
0.3113659918308258,0.002719854936003685,0.35691267251968384,0.3089413642883301,0.4193752110004425,0.0,0.4759841561317444,0.10939309746026993
0.3840963840484619,0.0,0.4951810836791992,0.5806048512458801,0.1871473342180252,0.0011428571306169033,0.4489430785179138,0.022791044786572456
0.31405124068260193,0.005521048791706562,0.2871508300304413,0.44982051849365234,0.47058823704719543,0.0,0.19651567935943604,0.12133777141571045
0.4427780210971832,0.0,0.3362637460231781,0.23825731873512268,0.5030089020729065,0.0,0.3459662199020386,0.07755343616008759
0.41945406794548035,0.0,0.24514248967170715,0.31202369928359985,0.6648284196853638,0.02166065014898777,0.6326037049293518,0.10328735411167145
0.23925729095935822,0.0,0.20222793519496918,0.5985980033874512,0.45508837699890137,0.00040633889148011804,0.415878027677536,0.023614471778273582
0.44527363777160645,0.001818181830458343,0.27388814091682434,0.2775724530220032,0.4777488708496094,0.08095022290945053,0.3527968227863312,0.11796290427446365
0.23484642803668976,0.0,0.2085343301296234,0.14205291867256165,0.377488374710083,0.0036454773508012295,0.6085770130157471,0.04032759740948677
0.3052199184894562,0.04780615493655205,0.4257630705833435,0.2983296811580658,0.6031285524368286,0.015350389294326305,0.4052293300628662,0.17604875564575195
0.3554249107837677,0.004599463194608688,0.5508394837379456,0.43847543001174927,0.394471138715744,0.01899285614490509,0.6575063467025757,0.07655032724142075
0.304551362991333,0.008645533584058285,0.25994551181793213,0.18233850598335266,0.5768475532531738,0.07273838669061661,0.4028705656528473,0.15859614312648773
0.39046716690063477,0.026210572570562363,0.16816525161266327,0.1280212551355362,0.46579259634017944,0.0014388489071279764,0.6110199689865112,0.10983703285455704
0.5109149813652039,0.010967741720378399,0.09044016152620316,0.1935957968235016,0.5457053184509277,0.0664762407541275,0.4129573404788971,0.2437388151884079
0.46712663769721985,0.0,0.3149411678314209,0.2145581692457199,0.3101485073566437,0.08266902714967728,0.24425417184829712,0.025119388476014137
0.1928834319114685,0.0,0.2538749873638153,0.23687288165092468,0.39813753962516785,0.08640939742326736,0.32786303758621216,0.06604131311178207
0.3252962827682495,0.0006548788514919579,0.2213946431875229,0.21548260748386383,0.495320200920105,0.15026535093784332,0.5852550864219666,0.07753293961286545
0.26620858907699585,0.0,0.14324362576007843,0.1657784879207611,0.6591491103172302,0.08045291900634766,0.6228116750717163,0.10958778858184814
0.3490494191646576,0.0,0.4035894572734833,0.5780260562896729,0.6009894609451294,0.03180428221821785,0.743861734867096,0.17484912276268005
0.37477290630340576,0.0,0.26107847690582275,0.34236979484558105,0.5202145576477051,0.06553743779659271,0.6213546991348267,0.08673007786273956
0.38817980885505676,0.0,0.40452662110328674,0.33923986554145813,0.5415525436401367,0.02789629064500332,0.5049222707748413,0.09230715036392212
0.27149075269699097,0.0,0.44821399450302124,0.6099010109901428,0.6623263955116272,0.059052757918834686,0.5903427600860596,0.13210198283195496
0.3598875403404236,0.0,0.4947308599948883,0.500835657119751,0.5490322113037109,0.12311221659183502,0.631327211856842,0.11492840200662613
0.6497905254364014,0.0,0.528163492679596,0.632207989692688,0.5216819643974304,0.10756838321685791,0.6414916515350342,0.11633921414613724
0.4027613401412964,0.0,0.4889431595802307,0.6748756170272827,0.4456036388874054,0.04531819000840187,0.5134762525558472,0.12098832428455353
0.3697822093963623,0.0,0.5220507383346558,0.6719745397567749,0.4032377600669861,0.034618888050317764,0.4426428973674774,0.12788650393486023
0.3711879253387451,0.0,0.5539512634277344,0.5730680227279663,0.6113700866699219,0.07292051613330841,0.5587400794029236,0.1622260957956314
0.24298161268234253,1.0,0.39770257472991943,0.014994644559919834,0.5479146838188171,0.037069059908390045,0.7291605472564697,0.15750457346439362
0.311094731092453,0.0,0.32077646255493164,0.29978758096694946,0.4423485994338989,0.022464832291007042,0.3917810916900635,0.13623963296413422
0.4323404133319855,0.0,0.461865097284317,0.40679335594177246,0.6211544275283813,0.00856929924339056,0.6735390424728394,0.2263430804014206
0.4804123640060425,0.0,0.477245032787323,0.4841556251049042,0.5823534727096558,0.046396397054195404,0.7493760585784912,0.15849344432353973
0.36451512575149536,0.0,0.4908038079738617,0.3923298418521881,0.5369023680686951,0.18717139959335327,0.3879118859767914,0.16002747416496277
0.26078376173973083,0.0,0.21910305321216583,0.4393063485622406,0.47652173042297363,0.05389632657170296,0.6122205853462219,0.08049026876688004
0.4617067873477936,0.0,0.28878358006477356,0.35673779249191284,0.6189537644386292,0.17512108385562897,0.4401988983154297,0.061723850667476654
0.4260055720806122,0.0,0.3490014374256134,0.5302098393440247,0.6502203941345215,0.12337011098861694,0.7149156928062439,0.10843676328659058
0.3377329111099243,0.0220994483679533,0.3899945616722107,0.45820632576942444,0.3719836175441742,0.10973451286554337,0.40998363494873047,0.17926335334777832
0.5872114896774292,0.004830917809158564,0.39581114053726196,0.3240070641040802,0.6020634770393372,0.17367346584796906,0.5531914830207825,0.1628962904214859
0.3129803538322449,0.0,0.3211991488933563,0.6669430136680603,0.49606385827064514,0.05393487215042114,0.2950347661972046,0.05260638892650604
0.43980100750923157,0.0,0.3560298681259155,0.7062391638755798,0.6372843384742737,0.018388934433460236,0.7174088954925537,0.10202403366565704
0.24666255712509155,0.0,0.25178346037864685,0.3426935076713562,0.5474840402603149,0.06867873668670654,0.7612689137458801,0.13038788735866547
0.2293802946805954,0.0,0.3388175964355469,0.422336608171463,0.5119109749794006,0.11289582401514053,0.5080888867378235,0.0929316058754921
0.2933810353279114,0.0,0.34906667470932007,0.35229426622390747,0.35802364349365234,0.02010398544371128,0.25362682342529297,0.0218752883374691
0.4391483962535858,0.0,0.3941724896430969,0.46145814657211304,0.6813603639602661,0.04690925031900406,0.8030824065208435,0.21072418987751007
0.45562130212783813,0.0,0.6669730544090271,0.4103204309940338,0.5544874668121338,0.10285194218158722,0.8305935859680176,0.21090590953826904
0.4448818862438202,0.007245543412864208,0.520703911781311,0.6295809149742126,0.6631343960762024,0.04895297437906265,0.6763609051704407,0.19439366459846497
0.4366989731788635,0.0,0.4957214593887329,0.37128010392189026,0.6518365740776062,0.11692459136247635,0.6456514000892639,0.22286652028560638
0.5855401158332825,0.0006605020025745034,0.41259247064590454,0.5230748653411865,0.639001190662384,0.07431536912918091,0.755791187286377,0.08439970016479492
0.4407139718532562,0.0,0.3474957346916199,0.3670571446418762,0.54604172706604,0.042143288999795914,0.7264350056648254,0.1246301606297493
0.4671874940395355,0.0,0.202816903591156,0.5260336995124817,0.42688778042793274,0.066039077937603,0.3054938018321991,0.049980100244283676
0.5433194041252136,0.0,0.3743857145309448,0.4845658540725708,0.3723532557487488,0.12518741190433502,0.4117814004421234,0.09331837296485901
0.4095115661621094,0.0,0.2412468045949936,0.43146273493766785,0.5550957918167114,0.09209942072629929,0.6560521125793457,0.10570761561393738
0.6020506024360657,0.024185335263609886,0.33405593037605286,0.3918495178222656,0.517327606678009,0.1791590452194214,0.5044391751289368,0.253886342048645
0.41129615902900696,0.0030303029343485832,0.5021575093269348,0.5680695176124573,0.58600914478302,0.04024333134293556,0.5461660623550415,0.2261962592601776
0.4304061233997345,0.006891271099448204,0.4006015956401825,0.5333811640739441,0.5366722941398621,0.11038140952587128,0.5354744791984558,0.13110212981700897
0.30971866846084595,0.0012106538051739335,0.31525832414627075,0.6384720206260681,0.5633459091186523,0.13798801600933075,0.4310702681541443,0.1480005830526352
0.3097669184207916,0.0,0.3930918872356415,0.35280096530914307,0.4883933663368225,0.0935799777507782,0.36215898394584656,0.18124867975711823
0.4220660924911499,0.0,0.5598878860473633,0.4901731014251709,0.22033052146434784,0.05840164050459862,0.27444738149642944,0.08721215277910233
0.39484286308288574,0.048192769289016724,0.29526299238204956,0.6156930923461914,0.4821997284889221,0.04249224066734314,0.13787436485290527,0.22243300080299377
0.5265418887138367,1.0,0.23768043518066406,0.20272362232208252,0.5190151929855347,0.01712089404463768,0.5570875406265259,0.09799005091190338
0.4443277418613434,0.0,0.5,0.48031967878341675,0.7124512791633606,0.1079564243555069,0.5603489875793457,0.14907072484493256
0.302099347114563,1.0,0.2722795903682709,0.5874494910240173,0.47791656851768494,0.012658228166401386,0.5429026484489441,0.04222317785024643
0.4241524338722229,0.0,0.4207690358161926,0.37416931986808777,0.5544421672821045,0.1406513899564743,0.5542889833450317,0.15454266965389252
0.19520828127861023,0.0,0.26923078298568726,0.4672466814517975,0.4605056345462799,0.05038759857416153,0.49271631240844727,0.03692307695746422
0.3968254029750824,0.0,0.36433863639831543,0.402487576007843,0.6359918713569641,0.12359550595283508,0.34621748328208923,0.17525888979434967
0.4221619963645935,0.0,0.38743454217910767,0.6114568114280701,0.4775634706020355,0.11107879877090454,0.5080087780952454,0.12985466420650482
0.4117858409881592,0.0,0.305227667093277,0.26955872774124146,0.6218304634094238,0.12172984331846237,0.3109810948371887,0.1679120808839798
0.43983763456344604,0.0,0.07773564755916595,0.009365558624267578,0.493314653635025,0.024382811039686203,0.596419095993042,0.09934580326080322
0.5629228949546814,0.0,0.42166247963905334,0.4464590549468994,0.4905010163784027,0.11342937499284744,0.8023791313171387,0.2261854112148285
0.6091015338897705,0.010575792752206326,0.6505144834518433,0.40163666009902954,0.451956182718277,0.11389521509408951,0.47909823060035706,0.01576872542500496
0.22906091809272766,0.0,0.32347607612609863,0.6543888449668884,0.743497908115387,0.14652875065803528,0.40064293146133423,0.0883132591843605
0.4696442782878876,0.04783370718359947,0.18036212027072906,0.4721328914165497,0.5220251083374023,0.13474155962467194,0.5784000158309937,0.043315283954143524
0.31435534358024597,0.05128205195069313,0.180791974067688,0.5036001801490784,0.7552781105041504,0.07675836235284805,0.666953444480896,0.1901717185974121
0.4679100513458252,0.008403361774981022,0.5292973518371582,0.6175057291984558,0.6675825119018555,0.0825827419757843,0.7446091771125793,0.20183821022510529
0.407665491104126,0.004558640532195568,0.40546855330467224,0.36299899220466614,0.5446532964706421,0.08347705751657486,0.7399272322654724,0.10340093076229095
0.4178641736507416,0.0,0.30008599162101746,0.43764397501945496,0.5890753269195557,0.046875,0.3935815691947937,0.17741434276103973
0.3880692720413208,0.0008190008229576051,0.5492345690727234,0.6452975869178772,0.6831369400024414,0.09786324948072433,0.6790322661399841,0.1716298907995224
0.3902043402194977,0.0,0.761890709400177,0.5507298111915588,0.6307199597358704,0.17947062849998474,0.6858620047569275,0.2263185679912567
0.730728268623352,0.01875000074505806,0.4344911575317383,0.6921858787536621,0.5826788544654846,0.22141464054584503,0.6139050722122192,0.1702963411808014
0.46832677721977234,0.011472275480628014,0.5340445041656494,0.6599283814430237,0.4553554654121399,0.07727635651826859,0.40927526354789734,0.23573091626167297
0.4216722846031189,0.09654416143894196,0.6330965161323547,0.4673219919204712,0.4485560655593872,0.11567260324954987,0.5138190984725952,0.18797436356544495
0.47756195068359375,0.053472861647605896,0.6096256971359253,0.6256691813468933,0.541128396987915,0.1575249284505844,0.6873282194137573,0.2446776032447815
0.2545115053653717,0.0,0.3373006284236908,0.03128834441304207,0.5860335826873779,0.049748744815588,0.6693906784057617,0.24353639781475067
0.3643491864204407,0.03347720950841904,0.5423940420150757,0.4590408205986023,0.5330235958099365,0.08412277698516846,0.6956961154937744,0.260219544172287
0.5395200252532959,0.00998091883957386,0.5880398750305176,0.28936895728111267,0.5398792624473572,0.0,0.6084305644035339,0.277788370847702
0.5136154294013977,0.03678160905838013,0.4835895299911499,0.5493937134742737,0.6229913830757141,0.13037844002246857,0.6659140586853027,0.15366391837596893
0.4690748453140259,0.07859078794717789,0.6140806078910828,0.5586563348770142,0.4596101939678192,0.2376166582107544,0.189369335770607,0.18445198237895966
0.33709922432899475,0.2939516007900238,0.3177531659603119,0.4706549346446991,0.4552236795425415,0.11391129344701767,0.6023746132850647,0.0996100902557373
0.5419325232505798,0.14684641361236572,0.3494282066822052,0.39452412724494934,0.499785453081131,0.2743682265281677,0.6172211170196533,0.08854436874389648
0.5097872614860535,0.14941634237766266,0.39613911509513855,0.568865180015564,0.48327529430389404,0.1327173411846161,0.6570557951927185,0.16225087642669678
0.3820452392101288,0.0021752025932073593,0.5092682838439941,0.5667181015014648,0.3947959244251251,0.14097073674201965,0.4833519160747528,0.2312956005334854
0.5911624431610107,0.0,0.4306880533695221,0.40777942538261414,0.652886152267456,0.28132832050323486,0.7521184086799622,0.29572054743766785
0.45782703161239624,0.0,0.43500837683677673,0.4776364862918854,0.40449193120002747,0.11219628155231476,0.32617586851119995,0.05168522894382477
0.5889057517051697,0.010569105856120586,0.598589301109314,0.8392689824104309,0.5448571443557739,0.12922987341880798,0.7085878849029541,0.1720696985721588
0.3430708944797516,0.0,0.302646279335022,0.4247118830680847,0.46248942613601685,0.04060913622379303,0.5816686153411865,0.1330234855413437
0.3427331745624542,0.011703510768711567,0.5007155537605286,0.5931986570358276,0.48325368762016296,0.14555440843105316,0.6387156248092651,0.12358129024505615
0.3500518798828125,0.05531914904713631,0.38991081714630127,0.33273476362228394,0.5673007965087891,0.042282748967409134,0.2893805205821991,0.0333150178194046
0.5237404704093933,0.037242911756038666,0.4063783884048462,0.5384871959686279,0.7147468328475952,0.12557396292686462,0.7177216410636902,0.16782934963703156
0.4419178068637848,0.0,0.39864039421081543,0.5787592530250549,0.503446102142334,0.193452388048172,0.8310452103614807,0.20778128504753113
0.5127118825912476,0.09955328702926636,0.635388195514679,0.7352828979492188,0.6357551217079163,0.13490793108940125,0.774328351020813,0.24196577072143555
0.4787463843822479,0.05372857674956322,0.4112209677696228,0.3785678446292877,0.4915989339351654,0.18834738433361053,0.703818142414093,0.2716577649116516
0.5741794109344482,0.3119369447231293,0.5471805930137634,0.6660466194152832,0.6099709868431091,0.09595397114753723,0.7328874468803406,0.1384890228509903
0.5523091554641724,0.0,0.4845360815525055,0.43334028124809265,0.5890424251556396,0.06047516316175461,0.731536328792572,0.1649785339832306
0.5606901049613953,0.11758118867874146,0.5700899362564087,0.5203773379325867,0.4960600435733795,0.12745098769664764,0.542110025882721,0.07723112404346466
0.5765386819839478,0.2025955319404602,0.40126094222068787,0.46586060523986816,0.4631686210632324,0.16363635659217834,0.4255441725254059,0.12902620434761047
0.376735657453537,0.0,0.4149443507194519,0.4926133453845978,0.5861625671386719,0.06431956589221954,0.7506781816482544,0.12930463254451752
0.605381190776825,0.22061128914356232,0.39409223198890686,0.43296530842781067,0.5941891074180603,0.17018379271030426,0.6228415369987488,0.2822655737400055
0.5015637278556824,0.05093833804130554,0.5551267862319946,0.6316959857940674,0.6710630059242249,0.114213727414608,0.7018914222717285,0.3150307536125183
0.4933687150478363,0.17866666615009308,0.2616446316242218,0.6192703247070312,0.4668658673763275,0.07404496520757675,0.6032463908195496,0.16161119937896729
0.3843657076358795,0.17869310081005096,0.43251127004623413,0.5939269065856934,0.5033085346221924,0.11121360212564468,0.7019271850585938,0.2207336276769638
0.3656875193119049,0.09293477982282639,0.5652360320091248,0.5939443111419678,0.4198112487792969,0.15995261073112488,0.5101573467254639,0.20143941044807434
0.4146002233028412,0.11972891539335251,0.6627600789070129,0.5850746035575867,0.26050928235054016,0.1282166987657547,0.6660160422325134,0.08408617228269577
0.40459707379341125,0.0,0.37486734986305237,0.6108992695808411,0.5356649160385132,0.06809421628713608,0.15962649881839752,0.2504364848136902
0.48578569293022156,1.0,0.2777399718761444,0.25979527831077576,0.48766687512397766,0.041430193930864334,0.45884162187576294,0.16089975833892822
0.4495798349380493,0.0,0.366323322057724,0.5210130214691162,0.5119088888168335,0.2918660342693329,0.4929666519165039,0.07556179910898209
0.22680802643299103,1.0,0.4861331880092621,0.6888368129730225,0.5231751203536987,0.0,0.5364855527877808,0.1587805151939392
0.4418492615222931,0.0,0.5328214168548584,0.6794907450675964,0.5602145195007324,0.20023103058338165,0.6757001876831055,0.3726581633090973
0.2701833248138428,0.0,0.3256843686103821,0.5813053250312805,0.41749730706214905,0.06607142835855484,0.5639605522155762,0.07517291605472565
0.45036160945892334,0.014705882407724857,0.39244186878204346,0.6284482479095459,0.7195585370063782,0.1109725683927536,0.4574076533317566,0.2535083293914795
0.6271792650222778,0.12978284060955048,0.5251261591911316,0.7271448373794556,0.4791807532310486,0.09323116391897202,0.5407077670097351,0.18670262396335602
0.3413940370082855,0.10526315867900848,0.3146081864833832,0.24246270954608917,0.619181215763092,0.08412887901067734,0.1938326060771942,0.2247500717639923
0.5390574336051941,0.11825225502252579,0.48442724347114563,0.6031226515769958,0.5039639472961426,0.1088457778096199,0.4206629693508148,0.19083139300346375
0.6078886389732361,0.11388888955116272,0.5104510188102722,0.6200988292694092,0.612260639667511,0.13742469251155853,0.7089315056800842,0.31585371494293213
0.5805929899215698,0.5917387008666992,0.6778395175933838,0.5501930713653564,0.4019239842891693,0.1413663625717163,0.5344286561012268,0.013900795951485634
0.23189856112003326,0.04862579330801964,0.6225693821907043,0.5371816754341125,0.6757558584213257,0.17309655249118805,0.33303186297416687,0.12666122615337372
0.4805977940559387,0.28618693351745605,0.3632058799266815,0.5320817232131958,0.47690916061401367,0.1496565192937851,0.6026785969734192,0.10541031509637833
0.3104524314403534,0.1344086080789566,0.19677291810512543,0.32894736528396606,0.6867789030075073,0.2093134969472885,0.6151002645492554,0.29840362071990967
0.435866117477417,0.31063830852508545,0.5980492234230042,0.6846776008605957,0.6779507994651794,0.07577870786190033,0.8047471642494202,0.2787151038646698
0.47562548518180847,0.34723085165023804,0.43861937522888184,0.4656102955341339,0.5510151982307434,0.00234113703481853,0.6175132393836975,0.15107382833957672
0.40391942858695984,0.020255863666534424,0.2898508310317993,0.49791744351387024,0.6087668538093567,0.03758170083165169,0.5643098950386047,0.310037761926651
0.42086613178253174,0.35127055644989014,0.6142171025276184,0.7212799191474915,0.7469000816345215,0.12967132031917572,0.7423734068870544,0.3027772903442383
0.38792842626571655,0.18437060713768005,0.6630329489707947,0.6063447594642639,0.6522670388221741,0.1439000368118286,0.7349626421928406,0.1754412204027176
0.5992568731307983,0.3859529495239258,0.6002007126808167,0.7219996452331543,0.6105186343193054,0.20297743380069733,0.6718105673789978,0.19948221743106842
0.5821746587753296,0.5198618173599243,0.508048415184021,0.6021232604980469,0.4552423059940338,0.09944968670606613,0.4366925060749054,0.22107911109924316
0.42824772000312805,0.2512027621269226,0.6949514150619507,0.717562735080719,0.5131704211235046,0.1480075865983963,0.40158796310424805,0.22559916973114014
0.5489205121994019,0.30914485454559326,0.619678795337677,0.6597821712493896,0.6879675984382629,0.2108566015958786,0.6566341519355774,0.24200747907161713
0.4784415662288666,0.0,0.4479426443576813,0.023682652041316032,0.6027767658233643,0.10520394146442413,0.7313234210014343,0.3095269203186035
0.3146628737449646,0.07173338532447815,0.33563652634620667,0.5676066279411316,0.539432942867279,0.14480409026145935,0.7521653771400452,0.23544389009475708
0.5936243534088135,0.05113336816430092,0.6646547317504883,0.5226621031761169,0.5525943040847778,0.0614868625998497,0.7087578177452087,0.29732364416122437
0.6026725769042969,0.10610806941986084,0.6942627429962158,0.5242385268211365,0.6118194460868835,0.1737648993730545,0.7341101765632629,0.2822827994823456
0.4943566620349884,0.18065966665744781,0.6872852444648743,0.71792072057724,0.5759264826774597,0.023869983851909637,0.30968648195266724,0.17146596312522888
0.35411471128463745,0.2540322542190552,0.5203322172164917,0.4814220070838928,0.5716248154640198,0.07233502715826035,0.745478630065918,0.11152811348438263
0.465975821018219,0.6042780876159668,0.38863587379455566,0.41065919399261475,0.6496320962905884,0.29333868622779846,0.6302868723869324,0.12170866131782532
0.5297372341156006,0.41906261444091797,0.6527016162872314,0.7348819375038147,0.6892492771148682,0.17562253773212433,0.7496984601020813,0.16667833924293518
0.42109599709510803,0.0033377837389707565,0.47373560070991516,0.6656723022460938,0.434915691614151,0.15347018837928772,0.5128334164619446,0.21262970566749573
0.6463963985443115,0.0,0.5469688773155212,0.4979529082775116,0.7154876589775085,0.23879918456077576,0.7085877656936646,0.2735466957092285
0.4904782176017761,0.0,0.45828956365585327,0.6172953248023987,0.5209691524505615,0.1503528654575348,0.5664912462234497,0.19931450486183167
0.54928058385849,0.03467666357755661,0.7289181351661682,0.8377467393875122,0.604066014289856,0.12406616657972336,0.7972959876060486,0.2762538492679596
0.39798104763031006,0.21414728462696075,0.3973607122898102,0.3651421070098877,0.5498878359794617,0.003909026272594929,0.6764154434204102,0.19278855621814728
0.39868420362472534,0.19117647409439087,0.5352978110313416,0.5490151643753052,0.5477606654167175,0.01934235915541649,0.7609298825263977,0.2578984797000885
0.4046148955821991,0.5105328559875488,0.5292730331420898,0.526235818862915,0.39717167615890503,0.04212598502635956,0.3402777910232544,0.08046259731054306
0.6068447232246399,0.33394160866737366,0.5527084469795227,0.629544734954834,0.7209999561309814,0.15399673581123352,0.8571616411209106,0.37650707364082336
0.5399776697158813,0.024000000208616257,0.3964509069919586,0.5113476514816284,0.5029417872428894,0.26249492168426514,0.8481139540672302,0.26767316460609436
0.49413299560546875,0.22228844463825226,0.712622880935669,0.6125531196594238,0.5904297828674316,0.10386151820421219,0.7861518263816833,0.25887373089790344
0.46771377325057983,0.2363530844449997,0.510225236415863,0.5670377612113953,0.4967053234577179,0.20070655643939972,0.6894015073776245,0.2770121395587921
0.5571955442428589,0.46335405111312866,0.683882474899292,0.6388816237449646,0.5570566058158875,0.13724304735660553,0.803816020488739,0.18967311084270477
0.5480810403823853,0.0,0.5354315042495728,0.4688715934753418,0.5976086854934692,0.04442627355456352,0.8115018606185913,0.24706389009952545
0.5381715297698975,0.3333333432674408,0.5623446106910706,0.5160061120986938,0.5039150714874268,0.2295081913471222,0.3705875277519226,0.22500211000442505
0.6351813673973083,0.5909355282783508,0.36771488189697266,0.4421284794807434,0.5361489653587341,0.1944858431816101,0.3441028594970703,0.22830730676651
0.4033970236778259,0.051020409911870956,0.37419354915618896,0.6709721088409424,0.6905624866485596,0.20971302688121796,0.7127201557159424,0.24559321999549866
0.5664793848991394,0.6075471639633179,0.4882032573223114,0.3660377264022827,0.5498719215393066,0.2539554834365845,0.6457446813583374,0.3839496076107025
0.5589743852615356,0.17367205023765564,0.7171408534049988,0.5899152159690857,0.6729384064674377,0.16323357820510864,0.7552487850189209,0.377999871969223
0.4871366620063782,0.38762983679771423,0.5504058599472046,0.6305693984031677,0.5261717438697815,0.12741999328136444,0.6302502155303955,0.12589457631111145
0.4070260524749756,0.1784638613462448,0.41545382142066956,0.5968627333641052,0.47799989581108093,0.14215101301670074,0.6696673035621643,0.203288272023201
0.37441182136535645,0.32495811581611633,0.6091315746307373,0.609680712223053,0.3877481520175934,0.19018404185771942,0.5846632122993469,0.25768765807151794
0.35866397619247437,0.3647342920303345,0.6910685896873474,0.637984037399292,0.2665661573410034,0.12091097235679626,0.5277875065803528,0.0793391615152359
0.4227312207221985,0.0,0.3835415244102478,0.5566222071647644,0.4429251551628113,0.0797824114561081,0.28202807903289795,0.27776411175727844
0.5509061217308044,0.0,0.3364323079586029,0.25342464447021484,0.49585193395614624,0.014925372786819935,0.4383743405342102,0.18739183247089386
0.44060149788856506,0.0,0.33306729793548584,0.44957059621810913,0.6686110496520996,0.22087682783603668,0.6254922747612,0.26256266236305237
0.400759220123291,0.0,0.40713179111480713,0.727493941783905,0.5990773439407349,0.0,0.48135310411453247,0.24654215574264526
0.5749785900115967,0.3729395568370819,0.4405108690261841,0.5893580317497253,0.49825239181518555,0.1371978521347046,0.6096142530441284,0.37084540724754333
0.3006194829940796,0.6862197518348694,0.28154268860816956,0.3507709205150604,0.44537627696990967,0.08431952446699142,0.6003205180168152,0.2714387774467468
0.5112237334251404,0.4183109700679779,0.4128367602825165,0.5854096412658691,0.6515857577323914,0.13738368451595306,0.4945451617240906,0.28076162934303284
0.7278165221214294,0.39536139369010925,0.7181726098060608,0.7008720636367798,0.5240870714187622,0.08554480224847794,0.626289963722229,0.15147928893566132
0.5504619479179382,0.32182836532592773,0.3285283148288727,0.26821351051330566,0.5975778102874756,0.15606407821178436,0.31037935614585876,0.3178118169307709
0.47208458185195923,0.32338497042655945,0.44528597593307495,0.6226280927658081,0.5106958150863647,0.20973612368106842,0.6018857359886169,0.24691903591156006
0.6002838015556335,0.36118143796920776,0.5563502907752991,0.5328848958015442,0.5076136589050293,0.09183213114738464,0.8102527856826782,0.3640061616897583
0.5991735458374023,0.7571138143539429,0.6002515554428101,0.45381638407707214,0.39506205916404724,0.19167764484882355,0.6118502616882324,0.036701273173093796
0.376963347196579,0.2195121943950653,0.5535688400268555,0.6081337928771973,0.7128145694732666,0.2597200572490692,0.4971916377544403,0.2474474459886551
0.5089938044548035,0.3831999897956848,0.3629520535469055,0.5538206696510315,0.4416393041610718,0.1648106873035431,0.5911750197410583,0.15492106974124908
0.3141312003135681,0.37151703238487244,0.26724138855934143,0.39184093475341797,0.7462165355682373,0.2090352177619934,0.6239966750144958,0.26967552304267883
0.5145033597946167,0.4958791136741638,0.5732101798057556,0.5741313695907593,0.730318546295166,0.2141280323266983,0.8531421422958374,0.2948487401008606
0.4762634038925171,0.31578946113586426,0.425620973110199,0.5789097547531128,0.5691521167755127,0.11891593039035797,0.6163803935050964,0.17341291904449463
0.37223148345947266,0.01840490847826004,0.6454828381538391,0.33341988921165466,0.6022606492042542,0.0536649227142334,0.6287394165992737,0.27427729964256287
0.4709246754646301,0.4145970642566681,0.6688373684883118,0.7371655702590942,0.7990683317184448,0.1915103644132614,0.7232962846755981,0.2930353879928589
0.4358353614807129,0.24578313529491425,0.6953828930854797,0.7100605964660645,0.5869818329811096,0.13911111652851105,0.6817710995674133,0.24129721522331238
0.7166156768798828,0.5536596179008484,0.7082170248031616,0.7280453443527222,0.6045455932617188,0.21237507462501526,0.6476271152496338,0.2594216763973236
0.5738874673843384,0.7034099698066711,0.5731891393661499,0.6924768090248108,0.4652808606624603,0.09653635323047638,0.481571227312088,0.2239958792924881
0.4295489192008972,0.2726922929286957,0.7795235514640808,0.7442606687545776,0.586902379989624,0.16880734264850616,0.355633407831192,0.2119908481836319
0.5219267010688782,0.42644816637039185,0.6418083310127258,0.6050991415977478,0.7080748081207275,0.24243119359016418,0.743116557598114,0.32258063554763794
0.4901960790157318,0.0,0.490755170583725,0.05860113352537155,0.6523711681365967,0.12800519168376923,0.7542332410812378,0.34241706132888794
0.48132967948913574,0.3009708821773529,0.3876040577888489,0.7767195701599121,0.5952615737915039,0.11291779577732086,0.7828407287597656,0.40305981040000916
0.623481810092926,0.39175257086753845,0.7710399627685547,0.567340075969696,0.6111997961997986,0.09857819974422455,0.6791663765907288,0.30411577224731445
0.5817446708679199,0.2581486403942108,0.5285139083862305,0.6102060675621033,0.7314825654029846,0.22171533107757568,0.7363765239715576,0.3124839663505554
0.6256015300750732,0.1684408336877823,0.6589676141738892,0.7092751264572144,0.6944538354873657,0.20000000298023224,0.7855063080787659,0.29674649238586426
0.41027191281318665,0.3640572428703308,0.5063251852989197,0.5333477258682251,0.6370295882225037,0.12107623368501663,0.6040040850639343,0.22910642623901367
0.5317185521125793,0.574923574924469,0.4217361509799957,0.4111596941947937,0.6553617119789124,0.2962193489074707,0.7023172974586487,0.3068290650844574
0.5632630586624146,0.6449552774429321,0.6831259727478027,0.6941373348236084,0.6583530306816101,0.16115108132362366,0.862287163734436,0.37241700291633606
0.4288872480392456,0.02814001403748989,0.5132825374603271,0.6816617250442505,0.4742475152015686,0.19820131361484528,0.656199038028717,0.41128700971603394
0.6775473952293396,0.0,0.6197183132171631,0.6034765243530273,0.7115092277526855,0.3248463571071625,0.7417663335800171,0.44967082142829895
0.5745047330856323,0.0,0.5097830891609192,0.652836263179779,0.6316648721694946,0.1431049406528473,0.4719926416873932,0.33346983790397644
0.5840574502944946,0.16532258689403534,0.7782571315765381,0.7062069177627563,0.7061551809310913,0.10684551298618317,0.8119493126869202,0.3656770586967468
0.3699132800102234,0.6379310488700867,0.4488123059272766,0.5740379691123962,0.633804202079773,0.11526479572057724,0.7725436687469482,0.24799856543540955
0.4124245047569275,0.2163701057434082,0.5462935566902161,0.45427656173706055,0.5937322378158569,0.19065190851688385,0.6827408075332642,0.403811514377594
0.37298136949539185,0.40799999237060547,0.4753303825855255,0.5587691068649292,0.6410164833068848,0.059304703027009964,0.4797873795032501,0.05694466829299927
0.648994505405426,0.45092839002609253,0.5603057146072388,0.6905965805053711,0.6936355829238892,0.22473497688770294,0.7738429307937622,0.3915814161300659
0.532551109790802,0.0,0.556455135345459,0.4744204580783844,0.5467593669891357,0.2901107966899872,0.8400538563728333,0.2604139447212219
0.532198965549469,0.21018418669700623,0.7219448685646057,0.7042424082756042,0.5764748454093933,0.17644710838794708,0.7058795690536499,0.3537184000015259
0.48181816935539246,0.7196819186210632,0.5365146398544312,0.592643678188324,0.5319564342498779,0.2102464884519577,0.7001198530197144,0.35934725403785706
0.574368953704834,0.5912722945213318,0.6479649543762207,0.5637038350105286,0.6639789342880249,0.19673986732959747,0.760333240032196,0.2572046220302582
0.615896999835968,0.0,0.5202205777168274,0.4979601502418518,0.6411739587783813,0.11335842311382294,0.8007791042327881,0.3895128667354584
0.5652033686637878,0.19933277368545532,0.6117647290229797,0.5153213739395142,0.5188318490982056,0.22211764752864838,0.6270225048065186,0.36794859170913696
0.6414662003517151,0.6533816456794739,0.6034005284309387,0.6429538130760193,0.5298364162445068,0.3595505654811859,0.4567243754863739,0.23672360181808472
0.4225352108478546,0.6598984599113464,0.35831961035728455,0.5170233249664307,0.7023930549621582,0.3732820153236389,0.7102115154266357,0.2793428599834442
0.6504621505737305,0.38768327236175537,0.5454545617103577,0.33011317253112793,0.6130620241165161,0.1855563223361969,0.7266165018081665,0.42202994227409363
0.5788483023643494,0.12997601926326752,0.7261313199996948,0.5706496834754944,0.7360935211181641,0.21691176295280457,0.7435250282287598,0.421096533536911
0.49179741740226746,0.22160044312477112,0.45364612340927124,0.648858368396759,0.5792710781097412,0.11491752415895462,0.5973384380340576,0.1280207484960556
0.4683857262134552,0.30042165517807007,0.37966984510421753,0.610343873500824,0.581012487411499,0.1685366928577423,0.5770056247711182,0.3345055878162384
0.5162738561630249,0.3309222459793091,0.5299466252326965,0.6101369857788086,0.5006515979766846,0.17530319094657898,0.43441614508628845,0.3487444221973419
0.4799891710281372,0.0036496350076049566,0.5958319902420044,0.5617666244506836,0.23506000638008118,0.12527050077915192,0.44326138496398926,0.03608473390340805
0.4826021194458008,0.0,0.5440708994865417,0.6344281435012817,0.4905877113342285,0.06117318570613861,0.316867470741272,0.2603606879711151
0.5196596384048462,1.0,0.36086684465408325,0.20250368118286133,0.5819629430770874,0.04986244812607765,0.5604725480079651,0.26262181997299194
0.4812404215335846,0.0,0.3356369435787201,0.33353638648986816,0.42515233159065247,0.23185840249061584,0.3562560975551605,0.3280487060546875
0.443282812833786,1.0,0.5716630816459656,0.6589235067367554,0.6754744052886963,0.07201001793146133,0.4557305872440338,0.32008570432662964
0.699245274066925,0.0,0.5415561199188232,0.6450477838516235,0.4790744185447693,0.22708208858966827,0.6073756217956543,0.3176088035106659
0.2680776119232178,0.08634772151708603,0.36380666494369507,0.26256731152534485,0.3849978744983673,0.18577253818511963,0.4913346469402313,0.2308473289012909
0.5641224384307861,0.21830210089683533,0.4394053518772125,0.5083702802658081,0.6546182036399841,0.19129979610443115,0.5283035635948181,0.3229413628578186
0.6566696763038635,0.4606451690196991,0.5931662917137146,0.6930033564567566,0.5526562929153442,0.22444498538970947,0.7238437533378601,0.20592081546783447
0.6043493747711182,0.29262489080429077,0.3535419702529907,0.31180161237716675,0.5390208959579468,0.2242744117975235,0.2403731793165207,0.27052509784698486
0.4740558862686157,0.27415731549263,0.6580286622047424,0.5550158023834229,0.49508222937583923,0.2840678095817566,0.5001551508903503,0.21104343235492706
0.6304896473884583,0.2891865074634552,0.5985770225524902,0.6140407919883728,0.505800724029541,0.11250939220190048,0.6619595289230347,0.3574201762676239
0.7583932876586914,0.7887324094772339,0.6989952921867371,0.69342440366745,0.483381450176239,0.20949231088161469,0.4864283800125122,0.026624489575624466
0.29770490527153015,0.04024767875671387,0.6674222946166992,0.6765559911727905,0.6773393154144287,0.2510211765766144,0.6042548418045044,0.26080939173698425
0.445128470659256,0.38660210371017456,0.4665042757987976,0.42161840200424194,0.41493910551071167,0.2195121943950653,0.7222771048545837,0.18470212817192078
0.361401230096817,0.15175096690654755,0.31626683473587036,0.39226701855659485,0.5639448165893555,0.2010335922241211,0.6376325488090515,0.2605871558189392
0.46605899930000305,0.31822070479393005,0.49894142150878906,0.6916437745094299,0.6726152300834656,0.07957176119089127,0.6679475903511047,0.32186567783355713
0.5627110004425049,0.28354036808013916,0.39202752709388733,0.5588019490242004,0.5630872845649719,0.07907488942146301,0.5694357752799988,0.15895816683769226
0.45942920446395874,0.018726591020822525,0.5586014986038208,0.37733298540115356,0.6117929816246033,0.02312925085425377,0.6325849294662476,0.3309142589569092
0.4868469834327698,0.41428571939468384,0.6301393508911133,0.5961889028549194,0.7228257060050964,0.05977620556950569,0.7218953967094421,0.47801801562309265
0.5116362571716309,0.2833182215690613,0.6927787661552429,0.6064411401748657,0.614677369594574,0.28871768712997437,0.7447308301925659,0.3163285553455353
0.7340980172157288,0.35499998927116394,0.6591616272926331,0.730522632598877,0.6198388934135437,0.29073742032051086,0.6642756462097168,0.27706724405288696
0.6066225171089172,0.17557251453399658,0.655282199382782,0.6917510628700256,0.4534277319908142,0.10740558803081512,0.35738667845726013,0.19893234968185425
0.4483976662158966,0.28158363699913025,0.7532911896705627,0.7541359066963196,0.5300331711769104,0.15903837978839874,0.45080500841140747,0.20958729088306427
0.5911776423454285,0.4571016728878021,0.7385305166244507,0.6765446662902832,0.6911907196044922,0.23025614023208618,0.6944332122802734,0.34438401460647583
0.49433815479278564,0.0,0.5457534193992615,0.014028056524693966,0.648216724395752,0.07708077132701874,0.7245134115219116,0.2901465892791748
0.43747296929359436,0.09474693983793259,0.4918711185455322,0.7535101175308228,0.5944966077804565,0.12139689922332764,0.7029942274093628,0.3963363766670227
0.6129980683326721,0.06873315572738647,0.7102425694465637,0.4948045611381531,0.5521222352981567,0.05847076326608658,0.5179526805877686,0.365876704454422
0.5849056839942932,0.09262025356292725,0.5971533060073853,0.6610236167907715,0.693687379360199,0.2587527334690094,0.6435734629631042,0.36915716528892517
0.5585241913795471,0.2235693484544754,0.7476728558540344,0.7693788409233093,0.6616683602333069,0.125428706407547,0.4930593967437744,0.4281308948993683
0.3760492503643036,0.35476285219192505,0.5333550572395325,0.5995981097221375,0.6460511684417725,0.16782407462596893,0.8956331014633179,0.22463223338127136
0.5967742204666138,0.4130757749080658,0.4063834547996521,0.5111862421035767,0.6677200794219971,0.2755632698535919,0.6802377700805664,0.3581898510456085
0.5586377382278442,0.8005093336105347,0.674924910068512,0.7559859156608582,0.701366126537323,0.1631755381822586,0.8152296543121338,0.34017476439476013
0.3527120053768158,0.0,0.5612557530403137,0.6220172643661499,0.4802737236022949,0.26335272192955017,0.46949440240859985,0.29568561911582947
0.610514223575592,0.0,0.7607705593109131,0.5784977674484253,0.7648799419403076,0.31189289689064026,0.7955397963523865,0.5079135298728943
0.6019725203514099,0.03232758492231369,0.45525649189949036,0.716911792755127,0.6074314713478088,0.17803837358951569,0.41824159026145935,0.308445543050766
0.5557553768157959,0.3856502175331116,0.7658582329750061,0.7924528121948242,0.7009137272834778,0.153442844748497,0.7711659669876099,0.3616510033607483
0.4045349955558777,0.5540123581886292,0.5037907361984253,0.6468414664268494,0.6367641687393188,0.07153614610433578,0.7442051768302917,0.2714695632457733
0.43373116850852966,0.25520431995391846,0.5682646036148071,0.590782880783081,0.5797868371009827,0.18518517911434174,0.7178753018379211,0.33563971519470215
0.427788645029068,0.46813440322875977,0.515999972820282,0.4967503845691681,0.6081173419952393,0.05676691606640816,0.5675197243690491,0.06762804836034775
0.7407013773918152,0.2609890103340149,0.5320128202438354,0.7198690176010132,0.7240211963653564,0.22114510834217072,0.8185333013534546,0.44755569100379944
0.5546605587005615,0.007518797181546688,0.5024057626724243,0.5224732756614685,0.5596473217010498,0.26597803831100464,0.829890251159668,0.2805269956588745
0.5658574104309082,0.18300949037075043,0.7368927597999573,0.7400339841842651,0.6144835352897644,0.19492976367473602,0.8160244226455688,0.3927728533744812
0.4716311991214752,0.5858585834503174,0.48827752470970154,0.5831397771835327,0.5162779092788696,0.21489526331424713,0.7223654389381409,0.4035859704017639
0.6277735233306885,0.6009745597839355,0.70438152551651,0.6291331648826599,0.7314807176589966,0.23045991361141205,0.7760975360870361,0.30947011709213257
0.5817047953605652,0.0,0.49990853667259216,0.5215527415275574,0.6641374230384827,0.033352501690387726,0.7838726043701172,0.3123105466365814
0.5515896677970886,0.19054652750492096,0.660557746887207,0.5794702172279358,0.5990869998931885,0.3666817545890808,0.5615357160568237,0.3403153121471405
0.6520314812660217,0.5356917381286621,0.6388024687767029,0.7496302723884583,0.5914207100868225,0.3439905345439911,0.603724479675293,0.37188971042633057
0.4474708139896393,0.7292576432228088,0.740359902381897,0.7260000109672546,0.7171509861946106,0.24617625772953033,0.694172203540802,0.31305992603302
0.7080874443054199,0.545634925365448,0.5635265707969666,0.4713114798069,0.63746178150177,0.27832067012786865,0.7017195224761963,0.4472421109676361
0.5964312553405762,0.29876795411109924,0.7168141603469849,0.6850215196609497,0.751738965511322,0.23008465766906738,0.7419096827507019,0.4145285487174988
0.5854322910308838,0.469255656003952,0.5786128640174866,0.6913633346557617,0.6372846364974976,0.1924184262752533,0.7282459735870361,0.18745411932468414
0.550000011920929,0.3703550696372986,0.4767671227455139,0.6762101650238037,0.48935016989707947,0.1331203430891037,0.7647668123245239,0.3356032967567444
0.5420181155204773,0.41965973377227783,0.638275146484375,0.6987951993942261,0.5027974247932434,0.17920222878456116,0.553070068359375,0.3395672142505646
0.523211658000946,0.37468355894088745,0.7104999423027039,0.662185549736023,0.321914941072464,0.19656825065612793,0.49485695362091064,0.09367731213569641
0.513724148273468,0.0,0.6052689552307129,0.6410607099533081,0.5733343362808228,0.07996295392513275,0.2537977993488312,0.4206220507621765
0.5611987113952637,1.0,0.3401029706001282,0.23853211104869843,0.6119441390037537,0.128188356757164,0.6676158905029297,0.22209788858890533
0.6139885187149048,0.04933586344122887,0.43335089087486267,0.5662438869476318,0.5155283212661743,0.32163482904434204,0.587483286857605,0.35131141543388367
0.416900098323822,1.0,0.5445288419723511,0.6427942514419556,0.710667073726654,0.07764836400747299,0.6683766841888428,0.2570033371448517
0.7370973229408264,0.508664608001709,0.5150759220123291,0.6781576871871948,0.5089955925941467,0.23653598129749298,0.5846324563026428,0.4326941967010498
0.32310983538627625,0.6862567663192749,0.39133986830711365,0.5010775923728943,0.5171441435813904,0.17113783955574036,0.7133212089538574,0.3556341826915741
0.6281023025512695,0.35726210474967957,0.5455930233001709,0.6682372689247131,0.7556493282318115,0.28668075799942017,0.6796029806137085,0.39787548780441284
0.7625066041946411,0.3615860342979431,0.7332859039306641,0.6968194842338562,0.548682689666748,0.28984352946281433,0.7845498919487,0.27761706709861755
0.6479110717773438,0.37796610593795776,0.4399864673614502,0.5270010828971863,0.6683040261268616,0.1995994597673416,0.5091678500175476,0.3582552671432495
0.49687305092811584,0.6021251678466797,0.6214109659194946,0.6351318955421448,0.6111937165260315,0.17833735048770905,0.6379848122596741,0.3570846617221832
0.6487663388252258,0.3375680446624756,0.5336843729019165,0.6034905314445496,0.725996732711792,0.3470911979675293,0.7637352347373962,0.6541164517402649
0.7138660550117493,0.7367231845855713,0.7577147483825684,0.7024602890014648,0.3126910626888275,0.262287437915802,0.5956392288208008,0.1025814563035965
0.35792094469070435,0.12893082201480865,0.5734556317329407,0.6674486994743347,0.695676326751709,0.34992074966430664,0.5813924670219421,0.30770519375801086
0.46274620294570923,0.40834057331085205,0.44217512011528015,0.4888888895511627,0.5194797515869141,0.12759113311767578,0.6669979691505432,0.2621441185474396
0.3484218120574951,0.4519572854042053,0.3681318759918213,0.3951413035392761,0.6890376210212708,0.34589502215385437,0.7833476662635803,0.43325406312942505
0.5172910690307617,0.48426395654678345,0.626593291759491,0.6044874787330627,0.7742297053337097,0.23012009263038635,0.7875274419784546,0.43085989356040955
0.55335533618927,0.49056604504585266,0.4407673180103302,0.5611015558242798,0.7025142312049866,0.15586185455322266,0.6967533826828003,0.1953141689300537
0.4796445071697235,0.12765957415103912,0.4412628412246704,0.4596026539802551,0.7473700046539307,0.08543417602777481,0.602905809879303,0.3707895576953888
0.46938076615333557,0.4719810485839844,0.613603949546814,0.7401574850082397,0.8232827186584473,0.2258719950914383,0.81867516040802,0.5447630286216736
0.4755963385105133,0.4763669967651367,0.7586962580680847,0.6573798656463623,0.7432913780212402,0.3463687002658844,0.7850022912025452,0.37502574920654297
0.7182095646858215,0.5665606260299683,0.7370676398277283,0.7493453025817871,0.7156348824501038,0.35673758387565613,0.7899190783500671,0.44356903433799744
0.6405394077301025,0.647909939289093,0.703228771686554,0.7054281830787659,0.57170170545578,0.12674157321453094,0.5553193688392639,0.24904516339302063
0.45560628175735474,0.2930733263492584,0.7873314619064331,0.7417890429496765,0.667689323425293,0.35550588369369507,0.48378464579582214,0.20909090340137482
0.6648581027984619,0.5091407895088196,0.7834593653678894,0.6618514060974121,0.7652612328529358,0.24014142155647278,0.7353837490081787,0.4378538727760315
0.6160275340080261,0.0,0.6419576406478882,0.04122340306639671,0.7534278035163879,0.13853727281093597,0.7965432405471802,0.4305618107318878
0.5144254565238953,0.14066390693187714,0.525990903377533,0.8498402833938599,0.7080390453338623,0.2616714835166931,0.7370834350585938,0.6460771560668945
0.6159707307815552,0.351081520318985,0.6716243624687195,0.6370129585266113,0.634486973285675,0.15600448846817017,0.7236930131912231,0.4826570749282837
0.7298474907875061,0.3366834223270416,0.7083601951599121,0.6918185949325562,0.7527024745941162,0.28286445140838623,0.681588888168335,0.3457036316394806
0.6108761429786682,0.0319940485060215,0.7925426959991455,0.7644780874252319,0.7839707732200623,0.46267464756965637,0.5974801182746887,0.45421066880226135
0.4599456787109375,0.029772330075502396,0.6426395773887634,0.6229633688926697,0.6525961756706238,0.3319838047027588,0.8691604733467102,0.4337252080440521
0.5887230634689331,0.6347107291221619,0.443935364484787,0.5338243246078491,0.7381605505943298,0.43932828307151794,0.7596316337585449,0.4945167899131775
0.6100539565086365,0.7415812611579895,0.7606704235076904,0.7967307567596436,0.7271420955657959,0.2328803688287735,0.859785258769989,0.5177499055862427
0.4639940559864044,0.04520440101623535,0.6783674955368042,0.6762257218360901,0.5773611664772034,0.33251768350601196,0.5139483213424683,0.4667854309082031
0.7381064295768738,0.0003559985780157149,0.7128353714942932,0.6110581755638123,0.7938312292098999,0.3479657471179962,0.7532146573066711,0.4790000915527344
0.6688741445541382,0.012056997045874596,0.6590213775634766,0.7074536681175232,0.7482524514198303,0.19834457337856293,0.7232924699783325,0.4021684229373932
0.5833017230033875,0.04863404482603073,0.6755428314208984,0.8220218420028687,0.8047279715538025,0.1850060522556305,0.8179867267608643,0.3505145013332367
0.4007352888584137,0.12517620623111725,0.46705392003059387,0.6137794852256775,0.6338816285133362,0.12965185940265656,0.8147335052490234,0.2557889521121979
0.47243180871009827,0.161592498421669,0.6377358436584473,0.6027224659919739,0.6382647752761841,0.197570338845253,0.7571015357971191,0.39199286699295044
0.4126932919025421,0.4319327771663666,0.6096187233924866,0.5875466465950012,0.629117488861084,0.0941828265786171,0.531937837600708,0.05885029584169388
0.6761337518692017,0.06557376682758331,0.6575486660003662,0.7256888151168823,0.7148387432098389,0.21033994853496552,0.8621879816055298,0.443192720413208
0.5649805665016174,0.125,0.5919408202171326,0.6906934380531311,0.5619810223579407,0.34981516003608704,0.8247051239013672,0.3246276378631592
0.5138999223709106,0.2144540399312973,0.6504043936729431,0.7030162215232849,0.6360489726066589,0.2225656807422638,0.838633120059967,0.3674728572368622
0.48890504240989685,0.7518959641456604,0.4671652317047119,0.5942376852035522,0.593742847442627,0.1636740267276764,0.7746983766555786,0.43477481603622437
0.6463802456855774,0.5481963157653809,0.7496503591537476,0.7041081190109253,0.6811323761940002,0.2827196419239044,0.7600697875022888,0.3123108744621277
0.6034106016159058,0.0,0.5742926597595215,0.5895069241523743,0.6172800064086914,0.09696555137634277,0.7785283327102661,0.3783535957336426
0.6290000081062317,0.252665251493454,0.6693580746650696,0.7378178238868713,0.48375046253204346,0.3300813138484955,0.7654410004615784,0.4682539701461792
0.7207792401313782,0.5972644090652466,0.49139073491096497,0.6184839010238647,0.5092315673828125,0.3061007857322693,0.46758443117141724,0.323664128780365
0.4075208902359009,0.5283018946647644,0.5115044116973877,0.6387959718704224,0.665097713470459,0.2374100685119629,0.7420806884765625,0.33203238248825073
0.6584376096725464,0.6034722328186035,0.48152032494544983,0.4804890751838684,0.6560357809066772,0.17656821012496948,0.7028147578239441,0.4346811771392822
0.6222394704818726,0.43908968567848206,0.6937931180000305,0.7008458971977234,0.7510687708854675,0.212411031126976,0.7651281356811523,0.44184789061546326
0.5675675868988037,0.5393041372299194,0.6055096983909607,0.7896506190299988,0.6328172087669373,0.2536821961402893,0.7534375190734863,0.25798213481903076
0.5497259497642517,0.4609334170818329,0.5543414354324341,0.5984035730361938,0.5290260910987854,0.21610048413276672,0.6539758443832397,0.4921566843986511
0.48802798986434937,0.434707909822464,0.6643663644790649,0.7519142627716064,0.5524497032165527,0.19390185177326202,0.7412688136100769,0.39435452222824097
0.4879239499568939,0.3659420311450958,0.768375813961029,0.6749120950698853,0.35872870683670044,0.26897281408309937,0.6431430578231812,0.1570536345243454
0.5083411931991577,0.036082472652196884,0.5684846043586731,0.6396269798278809,0.6981781721115112,0.09076981991529465,0.3305785059928894,0.37874388694763184
0.5423943996429443,0.0,0.4032376706600189,0.31684333086013794,0.7381064295768738,0.09317099303007126,0.6827817559242249,0.3047546446323395
0.5767697095870972,0.2030201405286789,0.4008122384548187,0.6662782430648804,0.5733828544616699,0.30859243869781494,0.6051719188690186,0.3644302189350128
0.47875523567199707,1.0,0.6076332926750183,0.7055630683898926,0.5802091956138611,0.0715077593922615,0.7444118857383728,0.41804397106170654
0.7182497382164001,0.46980756521224976,0.6883432269096375,0.7464044690132141,0.5094096064567566,0.3442437946796417,0.728270947933197,0.5209774374961853
0.3405041992664337,0.7769002914428711,0.45395633578300476,0.46276596188545227,0.6707621216773987,0.22458171844482422,0.8025333881378174,0.4295908212661743
0.6683363318443298,0.36105674505233765,0.685602068901062,0.7350603342056274,0.7582001686096191,0.2094099521636963,0.6946611404418945,0.36832553148269653
0.5938538312911987,0.45426514744758606,0.7272727489471436,0.7842519879341125,0.6360845565795898,0.31574052572250366,0.7915417551994324,0.2999408543109894
0.644444465637207,0.5190751552581787,0.47471752762794495,0.5129995942115784,0.7277626395225525,0.23121212422847748,0.5459725260734558,0.411302775144577
0.5122516751289368,0.5867098569869995,0.6978232860565186,0.6386261582374573,0.5954505205154419,0.10556285828351974,0.6034730672836304,0.3777858018875122
0.6939746141433716,0.3749370872974396,0.7116219997406006,0.6192236542701721,0.7184045910835266,0.4152495861053467,0.8443540930747986,0.654280960559845
0.8064935207366943,0.6791489124298096,0.7746175527572632,0.7191365957260132,0.44892174005508423,0.32484251260757446,0.691250205039978,0.21805225312709808
0.4586583375930786,0.2114047259092331,0.6906170845031738,0.6770746111869812,0.7836546897888184,0.3656441569328308,0.5422131419181824,0.27933162450790405
0.4907328188419342,0.6034482717514038,0.5729501843452454,0.6062992215156555,0.6000465750694275,0.1893119066953659,0.7586730718612671,0.30591440200805664
0.3753466010093689,0.45989304780960083,0.394989550113678,0.3466666638851166,0.776960551738739,0.21604710817337036,0.7544519901275635,0.4627646505832672
0.5417185425758362,0.5878467559814453,0.5098387002944946,0.6875849366188049,0.7763556241989136,0.32675158977508545,0.8275684118270874,0.49672144651412964
0.5839160680770874,0.49008673429489136,0.23994016647338867,0.6573275923728943,0.6691577434539795,0.13047994673252106,0.7700992822647095,0.27819064259529114
0.49329590797424316,0.1428571492433548,0.6090909242630005,0.3738135099411011,0.6597505211830139,0.05314960703253746,0.6419980525970459,0.4039769768714905
0.5004938840866089,0.6108786463737488,0.7219521403312683,0.7122290730476379,0.7692606449127197,0.27073079347610474,0.9045531153678894,0.5722342729568481
0.5414325594902039,0.3373277485370636,0.7819206118583679,0.5028476715087891,0.6361423134803772,0.32709163427352905,0.7957574129104614,0.3867591321468353
0.744305431842804,0.5652173757553101,0.7913946509361267,0.7213662266731262,0.6871033906936646,0.3165260851383209,0.7756040692329407,0.5071842074394226
0.7031651139259338,0.7827248573303223,0.7456440925598145,0.6933813691139221,0.5768001675605774,0.15163759887218475,0.591198742389679,0.3004876673221588
0.4564233124256134,0.3784298896789551,0.7940025925636292,0.6913352608680725,0.6018394827842712,0.33701658248901367,0.5508607029914856,0.29068809747695923
0.6927422881126404,0.5240543484687805,0.7675638794898987,0.690118670463562,0.7672439813613892,0.27706146240234375,0.6794643998146057,0.4372327923774719
0.5539568066596985,0.0,0.596778154373169,0.09615384787321091,0.7637635469436646,0.20421607792377472,0.8311946392059326,0.4221685230731964
0.5155155062675476,0.2830033004283905,0.5179640650749207,0.7139201760292053,0.6903934478759766,0.2972709536552429,0.8493680953979492,0.7046279907226562
0.6169154047966003,0.6592356562614441,0.7271940112113953,0.6096224188804626,0.6503245234489441,0.37037035822868347,0.7262182831764221,0.5813972353935242
0.7131102681159973,0.4750499129295349,0.6638673543930054,0.6395520567893982,0.7473636865615845,0.3240621089935303,0.7421634197235107,0.39921414852142334
0.6019001007080078,0.3328661620616913,0.7235814929008484,0.7445422410964966,0.7377328872680664,0.40456512570381165,0.682942271232605,0.4704708456993103
0.4840531647205353,0.543903648853302,0.6993762850761414,0.6029302477836609,0.5518588423728943,0.2811361849308014,0.823891818523407,0.4735068678855896
0.6085599660873413,0.6739283204078674,0.5018273591995239,0.5049266815185547,0.7057085633277893,0.4826514720916748,0.794220507144928,0.5334775447845459
0.5589396357536316,0.798431396484375,0.747570812702179,0.800614058971405,0.7173833250999451,0.2465214729309082,0.8790832161903381,0.5008307695388794
0.4412563145160675,0.0710306391119957,0.6512231826782227,0.7230839133262634,0.5685505867004395,0.39483970403671265,0.6828272342681885,0.47756534814834595
0.7049028873443604,0.03694581240415573,0.7895957827568054,0.6545454263687134,0.7668522000312805,0.4219375550746918,0.8070592880249023,0.5275513529777527
0.7264235019683838,0.07216494530439377,0.6714611649513245,0.8207964897155762,0.6979101896286011,0.22212837636470795,0.5229709148406982,0.4176025390625
0.5500923991203308,0.25600001215934753,0.767894983291626,0.7532719373703003,0.7510846853256226,0.1968269646167755,0.8624703884124756,0.41675832867622375
0.4711124897003174,0.796875,0.5341088175773621,0.5413382053375244,0.661163330078125,0.23456789553165436,0.8556109666824341,0.34204575419425964
0.49282997846603394,0.35387885570526123,0.6012938022613525,0.6034528017044067,0.5800437331199646,0.27991169691085815,0.7841798067092896,0.5046948194503784
0.43668273091316223,0.49628713726997375,0.5085496306419373,0.6627790927886963,0.6263983845710754,0.1500149965286255,0.5131804943084717,0.10318495333194733
0.6968325972557068,0.3903345763683319,0.6538265347480774,0.6960603594779968,0.7881500720977783,0.33401161432266235,0.8486332297325134,0.4570230543613434
0.5638214349746704,0.47999998927116394,0.6795961856842041,0.5631540417671204,0.5860085487365723,0.3021690249443054,0.8036792874336243,0.3418463468551636
0.5165937542915344,0.3040478527545929,0.6864601969718933,0.7043924927711487,0.6893434524536133,0.2528989613056183,0.8258529305458069,0.3609495460987091
0.4979015588760376,0.5740072131156921,0.6284995079040527,0.5787047147750854,0.6588568091392517,0.2995549440383911,0.7872289419174194,0.4928869307041168
0.619918704032898,0.6107814311981201,0.7036487460136414,0.6080315113067627,0.7395835518836975,0.19010856747627258,0.8627803921699524,0.45642274618148804
0.6772684454917908,0.0,0.5751701593399048,0.5835800766944885,0.7014891505241394,0.16454294323921204,0.8092679381370544,0.41996532678604126
0.6080178022384644,0.2067553699016571,0.6181015372276306,0.7852691411972046,0.6228108406066895,0.44164037704467773,0.5357781648635864,0.5706315040588379
0.6398282051086426,0.5788348317146301,0.5196425318717957,0.6841350793838501,0.587660551071167,0.3354838788509369,0.5086911916732788,0.5105076432228088
0.43746715784072876,0.5984556078910828,0.45978879928588867,0.5874055624008179,0.7287662029266357,0.3406374454498291,0.6950889825820923,0.3964972496032715
0.6614328026771545,0.6659663915634155,0.5056935548782349,0.5392740964889526,0.6752827763557434,0.34432536363601685,0.6599874496459961,0.4432602822780609
0.5972920656204224,0.42635658383369446,0.7360334992408752,0.6291153430938721,0.7214999198913574,0.3003871440887451,0.5742558836936951,0.37919479608535767
0.5873244404792786,0.578987717628479,0.5891783833503723,0.7091477513313293,0.6648082733154297,0.2793394923210144,0.6806936264038086,0.28524303436279297
0.5731862783432007,0.4536340832710266,0.6625916957855225,0.6792508959770203,0.6466915607452393,0.2715827226638794,0.7370242476463318,0.4827110469341278
0.5091185569763184,0.5349397659301758,0.7306380271911621,0.7170745730400085,0.6497816443443298,0.25145888328552246,0.36623287200927734,0.38533902168273926
0.5158889293670654,0.3807169198989868,0.7657644152641296,0.6383088231086731,0.34285038709640503,0.2852404713630676,0.5601614117622375,0.1812177449464798
0.5319627523422241,0.06306306272745132,0.6264652609825134,0.63584303855896,0.6467854380607605,0.143782377243042,0.34331798553466797,0.32606661319732666
0.5810678005218506,0.0,0.35951393842697144,0.2814840078353882,0.7528769969940186,0.2062111794948578,0.811607301235199,0.3071041703224182
0.6697587966918945,0.36389684677124023,0.4126351773738861,0.6690893769264221,0.614575207233429,0.31409600377082825,0.6145700216293335,0.2882944941520691
0.46434494853019714,0.0,0.595497190952301,0.6845169067382812,0.6705385446548462,0.08836907148361206,0.693408727645874,0.3230639696121216
0.7370330095291138,0.30127185583114624,0.7863905429840088,0.8063151836395264,0.5154440999031067,0.3152822256088257,0.7503134608268738,0.5467193126678467
0.35143548250198364,0.46957311034202576,0.2900499403476715,0.5570321083068848,0.7178026437759399,0.2491922527551651,0.6740314364433289,0.4015256464481354
0.671501100063324,0.40949034690856934,0.6498823761940002,0.6699393391609192,0.6674699783325195,0.41734281182289124,0.6488871574401855,0.43049877882003784
0.7068965435028076,0.3729232847690582,0.687173068523407,0.7930866479873657,0.6951243281364441,0.24723388254642487,0.6642405390739441,0.24042145907878876
0.6377319097518921,0.3198312222957611,0.5340142250061035,0.4278087913990021,0.7115975022315979,0.2110130339860916,0.6499383449554443,0.4063462018966675
0.563556432723999,0.5333333611488342,0.7525826692581177,0.5620414614677429,0.6624318361282349,0.31584063172340393,0.7098736763000488,0.4537690579891205
0.7343400716781616,0.5202513933181763,0.7545543313026428,0.5091263055801392,0.7351301312446594,0.07909604161977768,0.8664352297782898,0.4515054523944855
0.8386875987052917,0.8536585569381714,0.797487199306488,0.6967886686325073,0.4467417895793915,0.21055901050567627,0.5493926405906677,0.06202668696641922
0.3843648135662079,0.18266978859901428,0.7309475541114807,0.7373774647712708,0.7239019274711609,0.28954827785491943,0.6583151817321777,0.22171683609485626
0.4076195955276489,0.45287957787513733,0.6680622100830078,0.4751381278038025,0.5818197131156921,0.22040534019470215,0.7890141010284424,0.3440116047859192
0.3235367238521576,0.29958677291870117,0.40431836247444153,0.43213987350463867,0.7872558236122131,0.445627361536026,0.800755500793457,0.5167727470397949
0.521949827671051,0.6306818127632141,0.5202878713607788,0.6792285442352295,0.7834346890449524,0.22630947828292847,0.81047123670578,0.45194804668426514
0.4902622699737549,0.4952380955219269,0.47170910239219666,0.6823226809501648,0.7057403922080994,0.08168154954910278,0.6362870931625366,0.20525003969669342
0.49784791469573975,0.12790697813034058,0.6477556228637695,0.4008639454841614,0.6862559914588928,0.0027497708797454834,0.5765444040298462,0.3999010920524597
0.4642513692378998,0.5148289203643799,0.7500473260879517,0.7031927108764648,0.7944366335868835,0.29387038946151733,0.8691915273666382,0.4664658308029175
0.5121093988418579,0.5381642580032349,0.6868686676025391,0.5312769412994385,0.679114818572998,0.24339526891708374,0.807223916053772,0.38105660676956177
0.7697533369064331,0.6128564476966858,0.6645979285240173,0.620279848575592,0.6906541585922241,0.2830800712108612,0.8508142828941345,0.45113807916641235
0.638622522354126,0.7708894610404968,0.6772152185440063,0.6333666443824768,0.6386598944664001,0.16718865931034088,0.5212854146957397,0.29622265696525574
0.4516128897666931,0.4512050449848175,0.741096556186676,0.7646226286888123,0.6112406849861145,0.21379916369915009,0.513728678226471,0.22901804745197296
0.6561580300331116,0.6244131326675415,0.7349379062652588,0.7582085132598877,0.7319193482398987,0.2839001417160034,0.7712465524673462,0.4381782114505768
0.5769593715667725,0.0,0.5345251560211182,0.06320907920598984,0.7531502842903137,0.14617528021335602,0.7574230432510376,0.421970933675766
0.4736599028110504,0.1994350254535675,0.3868408799171448,0.7612016201019287,0.6556799411773682,0.3438628017902374,0.7041909694671631,0.6784629821777344
0.6531181931495667,0.5153846144676208,0.5797675251960754,0.6486306190490723,0.6105425953865051,0.4976303279399872,0.650046169757843,0.6080378293991089
0.7050359845161438,0.3681747317314148,0.7225305438041687,0.5419761538505554,0.7442544102668762,0.3929765820503235,0.7279977202415466,0.3482205271720886
0.6343001127243042,0.4086892604827881,0.7214904427528381,0.5901913642883301,0.719437837600708,0.3969587981700897,0.7702223658561707,0.5032805800437927
0.4599936306476593,0.583287239074707,0.6564025282859802,0.6332057118415833,0.701330840587616,0.37111398577690125,0.6865255236625671,0.27435609698295593
0.5793905258178711,0.7009345889091492,0.4405660331249237,0.5540974736213684,0.7572620511054993,0.47044917941093445,0.5704301595687866,0.33477121591567993
0.5995575189590454,0.7993874549865723,0.7188590168952942,0.7828108668327332,0.7039147019386292,0.2748848795890808,0.8232826590538025,0.5306602716445923
0.4301442801952362,0.12406948208808899,0.6318477392196655,0.636109471321106,0.5742842555046082,0.3797514736652374,0.6092610955238342,0.5545023679733276
0.6826835870742798,0.03818615898489952,0.6901779770851135,0.44456496834754944,0.7547014951705933,0.4426766633987427,0.726404070854187,0.47536349296569824
0.5725160241127014,0.11238095164299011,0.6484413743019104,0.7758158445358276,0.6984007358551025,0.2697160840034485,0.547102153301239,0.3605181872844696
