0.003282959805801511,0.00015105170314200222,0.00037084895302541554,0.002071475377306342,0.09476042538881302,0.0020116756204515696,0.0015913009410724044,0.014299236238002777
0.0030227198731154203,0.0,0.0020772027783095837,8.37284533190541e-05,0.01687331683933735,0.0,0.0,0.0
0.0005736430175602436,0.0,0.0,1.854066431405954e-05,0.12419890612363815,0.0,0.0,0.0
0.008877373300492764,0.0,0.0,0.00011594651004998013,0.1653723418712616,0.0,0.0,0.01834067516028881
0.006877209525555372,0.0,0.0004636068479157984,0.0001945903932210058,0.17040503025054932,0.0,0.0,0.0005908070597797632
0.012853681109845638,0.0,0.0023453894536942244,0.00040945850196294487,0.04888707026839256,0.0,0.05932897329330444,0.0015432098880410194
0.005472706630825996,0.0,0.003180880332365632,0.00034838003921322525,0.16016684472560883,0.0,0.0,0.0
0.012280701659619808,0.0003676079504657537,0.009031136520206928,0.0,0.1986326426267624,0.0,0.0,0.0
0.0,0.0,0.0077085611410439014,0.0004817471490241587,0.24615368247032166,0.0,0.0,0.00019155253539793193
0.0,7.26163707440719e-05,0.02307095006108284,0.0007868913235142827,0.23001572489738464,0.0,0.0,0.0
0.0,0.0,0.006299003027379513,0.0017654120456427336,0.2729547321796417,0.0,0.000983123085461557,0.00015650676505174488
0.0,0.0,0.04406828060746193,0.0032250890508294106,0.264638215303421,0.0,0.06417744606733322,0.004034171812236309
0.0,0.0,0.02060561254620552,0.0016556851333007216,0.2610774636268616,0.0,0.23947854340076447,0.008687390014529228
0.0,0.0,0.017689058557152748,0.0008799353381618857,0.35650816559791565,0.0,0.011769563890993595,0.02216080203652382
9.498480358161032e-05,0.0007710721110925078,0.030841121450066566,0.0016736284596845508,0.3687320053577423,0.0,0.08438146859407425,0.003527434077113867
0.0005503577413037419,0.0004282288427930325,0.0,0.0012688208371400833,0.3325253129005432,0.0,0.02984602376818657,0.004888551309704781
0.0,0.019062748178839684,0.0,0.01012028194963932,0.46420273184776306,0.0,0.02983185648918152,0.020525451749563217
0.0,0.0,0.0,0.01008274219930172,0.44523435831069946,0.0,0.058519862592220306,0.014725091867148876
0.006188715808093548,0.0,0.011018801480531693,0.015540136024355888,0.2545945346355438,0.0,0.0919921025633812,0.027771281078457832
0.0,0.0,0.0,0.0013301132712513208,0.21131369471549988,0.0,0.0015235540922731161,0.0070748403668403625
0.0,0.0,0.0,0.007747788913547993,0.17056310176849365,0.0,0.00256207212805748,0.005566820502281189
0.0,0.0,0.021821316331624985,0.0074336836114525795,0.05830855295062065,0.0,0.0,0.0
0.0,0.0,0.01722099632024765,0.0039975629188120365,0.2366255521774292,0.0,0.013688299804925919,0.01381519716233015
0.0,1.0,0.01072754804044962,0.0015268097631633282,0.2941707372665405,0.0,0.14875425398349762,0.00968027301132679
0.0,0.0,0.024036021903157234,0.01116703636944294,0.286509245634079,0.0,0.1531417965888977,0.02098909206688404
0.0,1.0,0.052547335624694824,0.004166481085121632,0.249509796500206,0.0,0.06757158786058426,0.0042785960249602795
0.0,0.0,0.02944549173116684,0.0009472118108533323,0.3429431915283203,0.0,0.1434783637523651,0.0065537672489881516
0.0,0.0,0.021546443924307823,0.004331193398684263,0.3516283333301544,0.0,0.010388674214482307,0.020048249512910843
0.0,0.0,0.051511891186237335,0.0018012768123298883,0.5560082793235779,0.0,0.14735713601112366,0.003925292752683163
0.0,0.0,0.13341359794139862,0.0009728954755701125,0.28187280893325806,0.0,0.1598743200302124,0.0033649802207946777
0.0,0.0,0.12199164181947708,0.012704840861260891,0.3913132846355438,0.0,0.07184826582670212,0.004630356095731258
0.0,0.0,0.015314135700464249,0.013615741394460201,0.4173896610736847,0.0,0.33283761143684387,0.007497390266507864
0.0,0.0,0.07773783057928085,0.0033957241103053093,0.4267982542514801,0.0,0.4868334233760834,0.012493089772760868
0.0,0.0,0.12775330245494843,0.0018506130436435342,0.19994764029979706,0.0,0.16832607984542847,0.0018490903312340379
0.0,0.0,0.16060060262680054,0.016492100432515144,0.5626527667045593,0.0,0.17621470987796783,0.03841612488031387
0.0,0.0009282896062359214,0.09943289309740067,0.0073398384265601635,0.45192840695381165,0.0,0.38176441192626953,0.024611515924334526
0.0,0.0,0.041486240923404694,0.004389371257275343,0.620473325252533,0.0,0.42492014169692993,0.07993726432323456
0.0,0.0,0.1316535472869873,0.011782210320234299,0.2583986818790436,0.0,0.47840502858161926,0.039937615394592285
0.008469055406749249,0.0008904719725251198,0.17765457928180695,0.03979262709617615,0.36171698570251465,0.0,0.3895987272262573,0.03830176964402199
0.03889942914247513,0.0,0.07111328840255737,0.0032731443643569946,0.5476126074790955,0.0,0.2650141716003418,0.06084207817912102
0.0,0.000423888472141698,0.2142728716135025,0.029794929549098015,0.6362612843513489,0.0,0.5147719383239746,0.03889312595129013
0.023290758952498436,0.0011368229752406478,0.3096963167190552,0.03087303228676319,0.5330995917320251,0.0,0.5453174114227295,0.06147196888923645
0.10161490738391876,0.0014266985235735774,0.3572733402252197,0.08224905282258987,0.48262259364128113,0.0,0.48592790961265564,0.04574638977646828
0.08020398765802383,0.0,0.15434320271015167,0.012903225608170033,0.3308123052120209,0.0,0.20179715752601624,0.02729576826095581
0.1106870248913765,0.0003970382967963815,0.37083497643470764,0.02524666301906109,0.4896273910999298,0.0,0.233820840716362,0.0714961439371109
0.06390406936407089,0.004707796033471823,0.2670228183269501,0.03979763761162758,0.3317711353302002,0.0,0.07608149200677872,0.07036612927913666
0.0761885792016983,0.0,0.11266400665044785,0.00090985675342381,0.49800974130630493,0.0,0.26125597953796387,0.0012363996356725693
0.10444027185440063,0.0,0.19924812018871307,0.01746131293475628,0.41849786043167114,0.0025466892402619123,0.4209127128124237,0.05986519902944565
0.195940762758255,0.0,0.34006622433662415,0.005604971200227737,0.5004406571388245,0.0,0.5634263157844543,0.06564633548259735
0.10600662976503372,0.0006100275204516947,0.16568715870380402,0.15902064740657806,0.49449387192726135,0.0,0.34172937273979187,0.06106126680970192
0.08115942031145096,0.0026965043507516384,0.34577882289886475,0.1454664021730423,0.31875523924827576,0.0,0.01113856676965952,0.03901572898030281
0.07109557092189789,0.0009763063280843198,0.05405846983194351,0.03955025225877762,0.44417092204093933,0.0,0.21744324266910553,0.02176646701991558
0.10341859608888626,0.0,0.16569629311561584,0.03217111527919769,0.5467019081115723,0.0,0.27960968017578125,0.020123014226555824
0.10317293554544449,0.0,0.18846751749515533,0.08747709542512894,0.4843425154685974,0.0,0.512799084186554,0.03544322028756142
0.04813490808010101,0.0,0.2892815172672272,0.15633849799633026,0.39734378457069397,0.019366197288036346,0.20215344429016113,0.040275465697050095
0.07342182099819183,0.0,0.31718623638153076,0.1196257695555687,0.617817759513855,0.028290823101997375,0.5130533576011658,0.04458329454064369
0.10464471578598022,0.0,0.32352402806282043,0.1592724323272705,0.5092611312866211,0.0,0.16958144307136536,0.020907524973154068
0.21527093648910522,0.0,0.26101693511009216,0.18261240422725677,0.4929896593093872,0.0,0.5955972671508789,0.03878252953290939
0.10827659070491791,0.0,0.3109152913093567,0.22976619005203247,0.34564197063446045,0.026760825887322426,0.2791506052017212,0.035747841000556946
0.07349548488855362,0.0,0.3206358253955841,0.1381465196609497,0.2580229341983795,0.014172335155308247,0.19435955584049225,0.020984139293432236
0.04072092846035957,0.0,0.265941858291626,0.10022464394569397,0.30780449509620667,0.020330367609858513,0.1743869185447693,0.01318426989018917
0.10165886580944061,0.0,0.20538897812366486,0.18285857141017914,0.5853081941604614,0.01635264791548252,0.4810508191585541,0.06460077315568924
0.2780003845691681,0.0,0.25508183240890503,0.1317807137966156,0.4785762131214142,0.0,0.547877311706543,0.04122241213917732
0.24210311472415924,0.0,0.3414188325405121,0.3516044318675995,0.6017253994941711,0.01259668543934822,0.5201119780540466,0.06622910499572754
0.13716070353984833,0.0,0.3981986939907074,0.22247640788555145,0.4960114061832428,0.05866425856947899,0.44131454825401306,0.07001034915447235
0.2095477432012558,0.0,0.34062716364860535,0.318721204996109,0.5364087820053101,0.003953248728066683,0.4653138816356659,0.060671448707580566
0.09615384787321091,0.0,0.3058965504169464,0.3149057626724243,0.5325164198875427,0.023914968594908714,0.6299840807914734,0.04555138200521469
0.20666278898715973,0.0,0.2563075125217438,0.4704037606716156,0.41635164618492126,0.009811320342123508,0.19741295278072357,0.017606159672141075
0.22004584968090057,0.0,0.3250337839126587,0.05693069472908974,0.396727591753006,0.0019354838877916336,0.4113923907279968,0.025960784405469894
0.33456864953041077,0.0,0.2135351002216339,0.3857894837856293,0.5669159293174744,0.019597990438342094,0.5888636708259583,0.005335467401891947
0.4739803075790405,0.0,0.30038216710090637,0.26099705696105957,0.4258250594139099,0.0,0.6200214624404907,0.034877240657806396
0.29910367727279663,0.0,0.4143216013908386,0.3063603639602661,0.5616828799247742,0.0,0.5615026354789734,0.03848538547754288
0.2297602891921997,0.0,0.31313878297805786,0.17173175513744354,0.37187859416007996,0.006326611153781414,0.40656769275665283,0.03632891923189163
0.15410299599170685,0.0,0.3526175022125244,0.26830431818962097,0.35968247056007385,0.019889501854777336,0.3856053650379181,0.030677400529384613
0.24590164422988892,0.0,0.37718695402145386,0.08576438575983047,0.29514962434768677,0.0,0.343865305185318,0.03994090482592583
0.35359421372413635,0.0,0.330888569355011,0.39364567399024963,0.17765602469444275,0.0,0.3270300328731537,0.00798892043530941
0.2199866771697998,0.0,0.3057231605052948,0.3848068118095398,0.2836962938308716,0.0,0.1225670725107193,0.057956647127866745
0.29108941555023193,1.0,0.2744854986667633,0.10198456794023514,0.43946290016174316,0.0030046948231756687,0.2478976845741272,0.03965150937438011
0.25068342685699463,0.0,0.11527688056230545,0.056029319763183594,0.5063859224319458,0.006867112126201391,0.4043857455253601,0.07258918136358261
0.18648648262023926,1.0,0.2885212004184723,0.38077014684677124,0.401030570268631,0.031191978603601456,0.371064156293869,0.017345964908599854
0.4631507694721222,0.0,0.0451047457754612,0.3239055275917053,0.4288695156574249,0.005552308633923531,0.27064284682273865,0.026237329468131065
0.17823250591754913,0.0,0.17375455796718597,0.06465236842632294,0.38014543056488037,0.0,0.19432634115219116,0.008143546991050243
0.3333333432674408,0.0,0.2979141175746918,0.10293754935264587,0.6233386993408203,0.008496176451444626,0.3444916605949402,0.024686520919203758
0.24123795330524445,0.0,0.3687414526939392,0.24073204398155212,0.32306626439094543,0.0008798944181762636,0.3950182795524597,0.00791794154793024
0.32058286666870117,0.0,0.23670963943004608,0.1956034153699875,0.4842863380908966,0.032420091331005096,0.22412750124931335,0.03436807170510292
0.3143068850040436,0.0,0.026222221553325653,0.0310302022844553,0.4677618741989136,0.003974562976509333,0.4333650767803192,0.009459218010306358
0.3829590976238251,0.0,0.36768224835395813,0.2402946650981903,0.5037487149238586,0.04515631124377251,0.664109468460083,0.030780354514718056
0.4068027138710022,0.0,0.5343198776245117,0.2919738292694092,0.24573570489883423,0.00863636378198862,0.33469387888908386,0.03459171950817108
0.17766498029232025,0.0,0.3845825493335724,0.46745985746383667,0.5507480502128601,0.003916842397302389,0.23000168800354004,0.03186551108956337
0.27491408586502075,0.0,0.26040905714035034,0.3934890329837799,0.41906794905662537,0.0003869968932121992,0.3503477871417999,0.032611388713121414
0.22911658883094788,0.0,0.18113990128040314,0.28821122646331787,0.5810602307319641,0.002326934365555644,0.6171810030937195,0.046480849385261536
0.17995110154151917,0.0,0.4413487911224365,0.6098340749740601,0.6098030805587769,0.0,0.6711058616638184,0.06398957222700119
0.2734094560146332,0.0,0.32787272334098816,0.26616472005844116,0.5076183676719666,0.0021820447873324156,0.5743951797485352,0.0659683495759964
0.23120640218257904,0.0,0.2869710922241211,0.33461734652519226,0.4403369426727295,0.0024937656708061695,0.2390269935131073,0.08404457569122314
0.23076923191547394,0.0,0.48250773549079895,0.5277777910232544,0.6097962856292725,0.0,0.4838158190250397,0.06630971282720566
0.2923206388950348,0.0,0.4629678726196289,0.5071851015090942,0.506703794002533,0.0,0.4345899224281311,0.06971609592437744
0.5908427834510803,0.0,0.4997698962688446,0.604091227054596,0.49052003026008606,0.0,0.5376757979393005,0.05666457861661911
0.3530605435371399,0.0,0.4951365888118744,0.6474496126174927,0.37876856327056885,0.0012330455938354135,0.4462865889072418,0.039496295154094696
0.2937563955783844,0.0,0.5158586502075195,0.5253483057022095,0.4461771845817566,0.023132530972361565,0.35376590490341187,0.019394230097532272
0.24963609874248505,0.0,0.5686116814613342,0.5445013046264648,0.556979238986969,0.05131995677947998,0.536442756652832,0.05328613147139549
0.2570169270038605,1.0,0.3529411852359772,0.021978022530674934,0.5386554002761841,0.009390292689204216,0.4839899241924286,0.04370155557990074
0.27019867300987244,0.0,0.30598384141921997,0.38767334818840027,0.40881502628326416,0.01751592382788658,0.4359326660633087,0.05766525864601135
0.5796101689338684,0.0,0.4363858103752136,0.23290793597698212,0.56496661901474,0.014951121062040329,0.6561362743377686,0.06245145946741104
0.40033361315727234,0.0,0.4033430218696594,0.503761887550354,0.5378648042678833,0.035203397274017334,0.607758641242981,0.06280487775802612
0.27590757608413696,0.0,0.5700520277023315,0.5374509692192078,0.5181624889373779,0.0930052325129509,0.23627127707004547,0.05613836273550987
0.18296588957309723,0.0,0.12973444163799286,0.44534823298454285,0.41528186202049255,0.024167872965335846,0.573925256729126,0.038722749799489975
0.26403939723968506,0.0,0.3714730143547058,0.35027778148651123,0.47122031450271606,0.06218422204256058,0.4622500240802765,0.040909767150878906
0.31522852182388306,0.0,0.2865966558456421,0.5899072885513306,0.4874066114425659,0.06034482643008232,0.6438310146331787,0.062478963285684586
0.3123050332069397,0.0,0.49880489706993103,0.47285735607147217,0.425454705953598,0.01899673417210579,0.3725341558456421,0.11571868509054184
0.5666810274124146,0.0,0.5532666444778442,0.4470643699169159,0.6343304514884949,0.04476834833621979,0.7119607925415039,0.05318396911025047
0.3645196259021759,0.0,0.33933669328689575,0.5237510204315186,0.4419462978839874,0.0,0.24882978200912476,0.01970585249364376
0.5229526162147522,0.0,0.4280393719673157,0.7126491665840149,0.4852917790412903,0.0,0.6313111186027527,0.060017652809619904
0.3121355175971985,0.0,0.31396299600601196,0.43369176983833313,0.35871508717536926,0.0,0.5524454116821289,0.03257014974951744
0.23491379618644714,0.0,0.3651515245437622,0.4753795564174652,0.36797112226486206,0.0,0.47356900572776794,0.05552787706255913
0.26844358444213867,0.0,0.33701813220977783,0.300232470035553,0.30914196372032166,0.0,0.28664785623550415,0.010477876290678978
0.4435215890407562,0.0,0.3825584053993225,0.4166838824748993,0.6611005067825317,0.0,0.7678413391113281,0.1193559318780899
0.4121026396751404,0.0,0.6053295731544495,0.5471153855323792,0.5336694121360779,0.006321112625300884,0.7375504970550537,0.07812750339508057
0.45042094588279724,0.0,0.5461878180503845,0.699999988079071,0.5903576612472534,0.008890864439308643,0.7581173181533813,0.04140636697411537
0.30939456820487976,0.0,0.5394859313964844,0.42624497413635254,0.6153771877288818,0.07216494530439377,0.6268190145492554,0.12020725756883621
0.432514488697052,0.0,0.46277371048927307,0.5173754692077637,0.5478262305259705,0.03039189614355564,0.6546072363853455,0.08011163771152496
0.43109405040740967,1.0,0.4123460054397583,0.37830060720443726,0.46592649817466736,0.03680231422185898,0.6276897192001343,0.06532520800828934
0.5358166098594666,0.0,0.3134870231151581,0.517100989818573,0.39367666840553284,0.0402999073266983,0.28965818881988525,0.03525305539369583
0.5632678270339966,0.0,0.34703919291496277,0.3832363188266754,0.3838614821434021,0.06873315572738647,0.493646502494812,0.04164827615022659
0.39115282893180847,0.0,0.3942917585372925,0.6465256810188293,0.6323583722114563,0.0,0.5458222031593323,0.011996638029813766
0.48183727264404297,0.0,0.26819172501564026,0.3545028567314148,0.4363267421722412,0.0,0.463511198759079,0.060269758105278015
0.4615384638309479,0.0,0.48275861144065857,0.6117812395095825,0.7137395143508911,0.011516946367919445,0.6399563550949097,0.03286328539252281
0.3510800898075104,0.0,0.40409427881240845,0.546991765499115,0.42481809854507446,0.07207765430212021,0.5673664212226868,0.047349706292152405
0.26607489585876465,0.0,0.44869565963745117,0.4304312467575073,0.439300000667572,0.052112262696027756,0.510278046131134,0.05817800760269165
0.3410817086696625,0.0,0.41961196064949036,0.48968446254730225,0.4015115201473236,0.035847943276166916,0.4335232079029083,0.046413153409957886
0.4221000373363495,0.0,0.5011676549911499,0.5372798442840576,0.23535780608654022,0.02379550039768219,0.3721866011619568,0.007401200942695141
0.3808031976222992,0.0,0.3794495463371277,0.52425616979599,0.42349115014076233,0.015493610873818398,0.15251879394054413,0.07353595644235611
0.48643067479133606,1.0,0.28664687275886536,0.20595118403434753,0.4546770453453064,0.002134885871782899,0.334024041891098,0.042905617505311966
0.3407770097255707,0.0,0.13335873186588287,0.39745402336120605,0.63984215259552,0.04858607053756714,0.5892699956893921,0.08226080238819122
0.33301886916160583,1.0,0.3504641354084015,0.36789843440055847,0.4538151025772095,0.00038834952283650637,0.5336423516273499,0.024471400305628777
0.3801169693470001,0.0,0.34511253237724304,0.34184715151786804,0.5284030437469482,0.121552973985672,0.3931076228618622,0.07148440927267075
0.20475651323795319,0.0,0.21536482870578766,0.21872840821743011,0.4011705219745636,0.03614047169685364,0.4709208309650421,0.02823520451784134
0.35267430543899536,0.0,0.38101187348365784,0.5086150765419006,0.65948885679245,0.016578249633312225,0.38218605518341064,0.10569295287132263
0.37066882848739624,0.0,0.4528261423110962,0.3594687283039093,0.41347092390060425,0.012395188212394714,0.5972195863723755,0.03341574966907501
0.40889620780944824,0.0,0.29727819561958313,0.26872020959854126,0.600187361240387,0.0,0.4296366572380066,0.09337832033634186
0.36183205246925354,0.0,0.07820618152618408,0.3036978840827942,0.47693902254104614,0.02159244194626808,0.6607736349105835,0.025835363194346428
0.4750692546367645,0.0,0.6032252311706543,0.4139065146446228,0.5204069018363953,0.05104342848062515,0.7176151871681213,0.07390530407428741
0.5666178464889526,0.0,0.44141194224357605,0.47626084089279175,0.3522354066371918,0.10626249015331268,0.5964093208312988,0.017676230520009995
0.16984505951404572,0.0,0.4142254590988159,0.6379709243774414,0.6542887687683105,0.015466297045350075,0.30866581201553345,0.038920748978853226
0.35458964109420776,0.08818235993385315,0.3573894500732422,0.4610435962677002,0.590944230556488,0.04243439435958862,0.540498673915863,0.052990250289440155
0.2760661542415619,0.014794888906180859,0.2892126441001892,0.3516402542591095,0.6643503904342651,0.04133180156350136,0.6670548319816589,0.11415552347898483
0.2936674654483795,0.02411944791674614,0.34127119183540344,0.6475554704666138,0.515376627445221,0.012655147351324558,0.6338183879852295,0.0941239595413208
0.35518142580986023,0.01633109711110592,0.346158504486084,0.35545071959495544,0.45575031638145447,0.013245033100247383,0.6433550119400024,0.04950641840696335
0.3230452537536621,0.0,0.1872510015964508,0.35020187497138977,0.5609900951385498,0.01799936220049858,0.4848543405532837,0.10845184326171875
0.41659310460090637,0.21872714161872864,0.3557441234588623,0.5009965300559998,0.6764701008796692,0.062103595584630966,0.5972982048988342,0.09338881075382233
0.3834856450557709,0.10710259526968002,0.5070247650146484,0.5969715714454651,0.5777922868728638,0.01507222093641758,0.559844434261322,0.08032426983118057
0.7227903604507446,0.20143385231494904,0.6057125329971313,0.7315719127655029,0.5605876445770264,0.04059156775474548,0.6864827871322632,0.09776544570922852
0.5827674269676208,0.037893809378147125,0.5390244126319885,0.6627709269523621,0.4662725329399109,0.07738970220088959,0.500365674495697,0.038387004286050797
0.4356341063976288,0.11645101755857468,0.7051061391830444,0.3469387888908386,0.35798466205596924,0.047323137521743774,0.4943464398384094,0.04062402620911598
0.38352271914482117,0.3247641623020172,0.5732830166816711,0.5606780648231506,0.4930766820907593,0.04134241119027138,0.6523520350456238,0.08913803845643997
0.417175829410553,0.0,0.36570990085601807,0.006899525877088308,0.5896402597427368,0.162109375,0.7164595127105713,0.1343695968389511
0.3336302936077118,0.009453576989471912,0.31969308853149414,0.12795577943325043,0.35923996567726135,0.025016458705067635,0.4111422300338745,0.07977962493896484
0.5400192737579346,0.005858494900166988,0.5534446835517883,0.1770392805337906,0.4904892146587372,0.017770597711205482,0.5677762031555176,0.12389692664146423
0.5194690227508545,0.04038975387811661,0.42194250226020813,0.307900071144104,0.5032232403755188,0.035087719559669495,0.699070394039154,0.12161827832460403
0.46479281783103943,0.2631579041481018,0.4754180908203125,0.49857836961746216,0.5002297163009644,0.017679058015346527,0.22639691829681396,0.07257362455129623
0.28137797117233276,0.0,0.10659322887659073,0.28711041808128357,0.38506290316581726,0.0008503401186317205,0.5966171622276306,0.05634962394833565
0.49643704295158386,0.2747252881526947,0.23964758217334747,0.3306773006916046,0.5228843092918396,0.07311500608921051,0.4691374599933624,0.01878518797457218
0.4243268370628357,0.1421327441930771,0.3498498499393463,0.646093487739563,0.6033491492271423,0.04540722444653511,0.6898871064186096,0.07970572263002396
0.2987787425518036,0.00548915471881628,0.5489299297332764,0.439860999584198,0.3676355183124542,0.03735024482011795,0.44434821605682373,0.06016726419329643
0.5646004676818848,0.0,0.5433680415153503,0.3453315198421478,0.6902977824211121,0.0664798766374588,0.6183018088340759,0.04427116736769676
0.5626676678657532,0.0,0.40437740087509155,0.6197350025177002,0.48772773146629333,0.024295737966895103,0.29050543904304504,0.01827676221728325
0.560549795627594,0.009598464705049992,0.41812455654144287,0.7556222081184387,0.5705885887145996,0.03543694689869881,0.6461183428764343,0.0541287325322628
0.34554097056388855,0.0,0.25028854608535767,0.37561318278312683,0.4216952323913574,0.042462240904569626,0.61529940366745,0.022419042885303497
0.40319302678108215,0.0065170167945325375,0.3851296007633209,0.45648500323295593,0.45771652460098267,0.06083986908197403,0.5393284559249878,0.03289966285228729
0.3905690908432007,0.03270440176129341,0.4122290313243866,0.544824481010437,0.43129763007164,0.00501253129914403,0.2545153796672821,0.01936189830303192
0.5893682837486267,0.0,0.3077044188976288,0.6231396198272705,0.7222864031791687,0.0,0.6658511161804199,0.16018129885196686
0.5430656671524048,0.0,0.5163722634315491,0.6056650280952454,0.5376471877098083,0.0,0.699896514415741,0.09176496416330338
0.5202163457870483,0.07442258298397064,0.6058492660522461,0.7002133727073669,0.6295679807662964,0.0,0.6786314249038696,0.04708904027938843
0.47031813859939575,0.04861488193273544,0.5234952569007874,0.5478944778442383,0.5379059910774231,0.0,0.6056718230247498,0.13143877685070038
0.4624406695365906,0.236652672290802,0.5952513813972473,0.7015078067779541,0.6536368727684021,0.0,0.6923707127571106,0.10664905607700348
0.43388667702674866,0.0,0.44618988037109375,0.34393808245658875,0.5775439143180847,0.0,0.7430250644683838,0.11068909615278244
0.5609013438224792,0.022964509204030037,0.46562156081199646,0.5982142686843872,0.44129228591918945,0.0623260997235775,0.324007123708725,0.05033169314265251
0.6538720726966858,0.10670136660337448,0.2535698711872101,0.49504542350769043,0.40335801243782043,0.07117750495672226,0.4543135166168213,0.013248058035969734
0.42498651146888733,0.0,0.5134020447731018,0.5420023202896118,0.5617913603782654,0.06308243423700333,0.7651965618133545,0.025218017399311066
0.5928819179534912,0.045827124267816544,0.3492603003978729,0.44125258922576904,0.5265401005744934,0.051897503435611725,0.6912586092948914,0.08242136240005493
0.5338032841682434,0.08825503289699554,0.5768036246299744,0.6109387278556824,0.6590799689292908,0.08952079713344574,0.6743295192718506,0.03361344709992409
0.565371036529541,0.10454384237527847,0.48139017820358276,0.6249048113822937,0.4769172668457031,0.07513593882322311,0.5893634557723999,0.06983498483896255
0.44372761249542236,0.034909289330244064,0.4563314616680145,0.5404583811759949,0.3632429540157318,0.10086611658334732,0.5842294096946716,0.0632450208067894
0.41241419315338135,0.08147837221622467,0.6393468379974365,0.5505809187889099,0.34494274854660034,0.05562884733080864,0.4461752474308014,0.06747515499591827
0.4638749659061432,0.15217390656471252,0.6689517498016357,0.6558272838592529,0.17080014944076538,0.032325536012649536,0.4291832745075226,0.007484016474336386
0.2987833321094513,0.0,0.41436150670051575,0.594031810760498,0.27456384897232056,0.018709074705839157,0.2239692509174347,0.0748845562338829
0.5298344492912292,1.0,0.3221997320652008,0.22067448496818542,0.3802811801433563,0.01423043292015791,0.5345242023468018,0.053209226578474045
0.5148321390151978,0.0,0.3166579306125641,0.4434133470058441,0.7480446100234985,0.06834214925765991,0.609355092048645,0.050640080124139786
0.35394126176834106,1.0,0.3925531804561615,0.518729031085968,0.5796476602554321,0.000725163146853447,0.5786110162734985,0.04909669607877731
0.3827022910118103,0.0,0.5021247863769531,0.4252370595932007,0.5364179611206055,0.06803571432828903,0.5121627449989319,0.10715453326702118
0.22896039485931396,0.18866460025310516,0.2644953429698944,0.4586374759674072,0.3883868455886841,0.053060151636600494,0.6209173202514648,0.025910910218954086
0.45336413383483887,0.31404420733451843,0.48611921072006226,0.5872933864593506,0.6607311964035034,0.033863868564367294,0.4080820679664612,0.18181443214416504
0.45782312750816345,0.17518657445907593,0.4391227662563324,0.6590755581855774,0.5049340724945068,0.07848970592021942,0.7005113959312439,0.04871447756886482
0.5514195561408997,0.10987124592065811,0.2693783640861511,0.3037666976451874,0.6077576279640198,0.0020289854146540165,0.3280471861362457,0.06948798149824142
0.46674057841300964,0.12513330578804016,0.3795393109321594,0.049462366849184036,0.4945056736469269,0.1270679384469986,0.6596390008926392,0.06586174666881561
0.632446825504303,0.09324630349874496,0.5985513925552368,0.499487966299057,0.5592626929283142,0.11974009871482849,0.6667932271957397,0.11539057642221451
0.665769636631012,0.2767772376537323,0.5508021116256714,0.4897055923938751,0.35883447527885437,0.06741180270910263,0.4277377724647522,0.020556095987558365
0.3016970455646515,0.08488063514232635,0.5220072865486145,0.6911334991455078,0.7637647986412048,0.15669383108615875,0.43023982644081116,0.0525764562189579
0.4215538799762726,0.07850467413663864,0.400902658700943,0.539978563785553,0.45180585980415344,0.08992981910705566,0.6189895868301392,0.0612560473382473
0.3114391267299652,0.022514071315526962,0.2290610671043396,0.3676527142524719,0.6549839973449707,0.06034732237458229,0.6776553392410278,0.07161635160446167
0.4021301865577698,0.22089314460754395,0.36061912775039673,0.5854023694992065,0.615430474281311,0.00963918212801218,0.7496799230575562,0.075102299451828
0.44210270047187805,0.17502987384796143,0.2677077651023865,0.3714990019798279,0.5458122491836548,0.03320697322487831,0.6848106384277344,0.05549156293272972
0.36646735668182373,0.004457179456949234,0.35825008153915405,0.3169223666191101,0.5217222571372986,0.006580679211765528,0.47024503350257874,0.1043616384267807
0.4439946115016937,0.22395507991313934,0.4760279059410095,0.6242672801017761,0.7147616744041443,0.009288917295634747,0.6837773323059082,0.10047203302383423
0.4661429226398468,0.14365482330322266,0.4489234983921051,0.5411899089813232,0.5288180112838745,0.04506497085094452,0.5073050260543823,0.07703099399805069
0.7631964683532715,0.34428176283836365,0.6243028044700623,0.6903157234191895,0.5426421761512756,0.058895207941532135,0.662949800491333,0.08025990426540375
0.6599915027618408,0.40266022086143494,0.49726444482803345,0.6396433115005493,0.4480785131454468,0.07008032500743866,0.49639585614204407,0.08363890647888184
0.39657142758369446,0.13851045072078705,0.7306029200553894,0.6851851940155029,0.4388086795806885,0.048717208206653595,0.24314285814762115,0.07939335703849792
0.5051956176757812,0.34028294682502747,0.567533552646637,0.5184362530708313,0.5611922144889832,0.08716203272342682,0.579170823097229,0.10760075598955154
0.48935315012931824,0.0,0.4146100580692291,0.012012012302875519,0.6146523952484131,0.04454343020915985,0.6847008466720581,0.07707614451646805
0.38733553886413574,0.07821737229824066,0.3466472327709198,0.6728110313415527,0.4851103723049164,0.05595482513308525,0.48394113779067993,0.07657760381698608
0.604080319404602,0.0,0.610963761806488,0.4961400032043457,0.5580579042434692,0.015654999762773514,0.6871512532234192,0.08071525394916534
0.5280172228813171,0.0,0.4948470890522003,0.6381778120994568,0.5944620966911316,0.07517605274915695,0.7021262049674988,0.07429445534944534
0.5203592777252197,0.09103942662477493,0.5814704895019531,0.6732640266418457,0.5463919639587402,0.15159271657466888,0.18187284469604492,0.12787239253520966
0.41248899698257446,0.2918855845928192,0.3688475489616394,0.5705048441886902,0.5387403964996338,0.049293823540210724,0.6940940618515015,0.052403129637241364
0.4704119861125946,0.4644595980644226,0.4132973849773407,0.4015918970108032,0.6224898099899292,0.06126797944307327,0.5708526372909546,0.05585124343633652
0.5266441106796265,0.31871166825294495,0.550109326839447,0.5591415762901306,0.5523812770843506,0.04664178937673569,0.6978361010551453,0.11328605562448502
0.3003881871700287,0.01860191859304905,0.5425806641578674,0.6487128734588623,0.4162999987602234,0.06641855090856552,0.39316239953041077,0.15209563076496124
0.6361711025238037,0.0,0.5756400227546692,0.4343283474445343,0.7639694213867188,0.1705770492553711,0.7957000136375427,0.16614393889904022
0.7363247871398926,0.0,0.5309053063392639,0.6274877786636353,0.5004761815071106,0.1094106137752533,0.3438643217086792,0.04612822085618973
0.5421597361564636,0.0037313431967049837,0.5719085931777954,0.7989833354949951,0.6343327760696411,0.03800413757562637,0.7084934711456299,0.10731141269207001
0.41705068945884705,0.0,0.46432989835739136,0.4453660249710083,0.4874579608440399,0.07214206457138062,0.7481721639633179,0.10817843675613403
0.4680090844631195,0.04259043186903,0.48437991738319397,0.5120913982391357,0.5135698914527893,0.07875927537679672,0.6375716328620911,0.06924974918365479
0.39767932891845703,0.19021190702915192,0.5056665539741516,0.5681669116020203,0.3579229712486267,0.034330010414123535,0.30957865715026855,0.01941569708287716
0.569553792476654,0.07981220632791519,0.37859731912612915,0.592482328414917,0.7111743688583374,0.013584117405116558,0.6893948316574097,0.1759556531906128
0.5743294954299927,0.015856778249144554,0.5131264925003052,0.5459729433059692,0.5525143146514893,0.11749515682458878,0.7855960130691528,0.10706339031457901
0.5169404745101929,0.07481493055820465,0.6715511679649353,0.6633034944534302,0.661526083946228,0.08339594304561615,0.7613481879234314,0.10821003466844559
0.4506477415561676,0.08078335225582123,0.3872314989566803,0.5927694439888,0.46268942952156067,0.0859329029917717,0.64485102891922,0.1392500400543213
0.5691595077514648,0.31442463397979736,0.6409140229225159,0.5676349401473999,0.6112632155418396,0.05449981987476349,0.7780292630195618,0.10733356326818466
0.5766244530677795,0.0,0.48825567960739136,0.5651123523712158,0.6274904012680054,0.0368453748524189,0.7289977669715881,0.12059753388166428
0.507378339767456,0.26499998569488525,0.3954983949661255,0.5710774064064026,0.5083168745040894,0.06272903829813004,0.4896862506866455,0.0627322718501091
0.6135675311088562,0.33848220109939575,0.48424023389816284,0.6376681327819824,0.6338211297988892,0.08477699756622314,0.6695652008056641,0.0863807201385498
0.41181275248527527,0.302325576543808,0.3823953866958618,0.5446533560752869,0.7539088129997253,0.04622222110629082,0.6905384659767151,0.03221728652715683
0.6430191397666931,0.2308347523212433,0.35842621326446533,0.4719219505786896,0.5523838996887207,0.022852640599012375,0.6929868459701538,0.17069019377231598
0.6223698854446411,0.07067334651947021,0.6265759468078613,0.6771206259727478,0.6857249140739441,0.08472136408090591,0.7005898952484131,0.1352204829454422
0.5300062894821167,0.30583614110946655,0.5628949403762817,0.6681798100471497,0.5078675746917725,0.04840673878788948,0.5940700173377991,0.05436216667294502
0.5035355687141418,0.2976098656654358,0.5278360247612,0.6910146474838257,0.5617579221725464,0.051345206797122955,0.6965067386627197,0.09905320405960083
0.38877061009407043,0.0397351011633873,0.6717771291732788,0.6619033813476562,0.4023859202861786,0.07911495119333267,0.5523228645324707,0.09054715931415558
0.48022907972335815,0.0,0.6645738482475281,0.6603081226348877,0.2333228588104248,0.03158736601471901,0.5412629842758179,0.040912140160799026
0.49584487080574036,0.03244274854660034,0.4589855968952179,0.6010993123054504,0.2867303788661957,0.00989113561809063,0.29728636145591736,0.07221559435129166
0.4839061498641968,0.0,0.2898145020008087,0.22540736198425293,0.4389176070690155,0.013197899796068668,0.44512638449668884,0.05941317602992058
0.37249594926834106,0.10760795325040817,0.24425095319747925,0.48209699988365173,0.7260069251060486,0.08570124208927155,0.5903397798538208,0.050606630742549896
0.43654265999794006,0.0,0.315455824136734,0.5803424715995789,0.5370961427688599,0.004244205076247454,0.4864187240600586,0.04146341606974602
0.5267399549484253,0.2158859521150589,0.5093386173248291,0.5071925520896912,0.5800140500068665,0.13034482300281525,0.6067607402801514,0.11617467552423477
0.25497597455978394,0.2418060153722763,0.2333025485277176,0.28155794739723206,0.4099782109260559,0.0986238569021225,0.617516279220581,0.015025414526462555
0.5596140623092651,0.3896891474723816,0.4146299660205841,0.6283593773841858,0.7126420736312866,0.06769596040248871,0.44759678840637207,0.19504407048225403
0.4915730357170105,0.4455958604812622,0.5476303100585938,0.6123669147491455,0.5093426704406738,0.10709426552057266,0.40838274359703064,0.04930996149778366
0.6138224601745605,0.13367798924446106,0.2607591450214386,0.29771220684051514,0.5759012699127197,0.05697503685951233,0.4465712010860443,0.11861029267311096
0.5043141841888428,0.19568386673927307,0.6106234788894653,0.5499555468559265,0.5427491664886475,0.10146443545818329,0.6256551146507263,0.0958922728896141
0.7068965435028076,0.13928760588169098,0.5230024456977844,0.6316879391670227,0.5973002910614014,0.11895910650491714,0.8011460304260254,0.15703055262565613
0.7308474779129028,0.22084805369377136,0.7025853395462036,0.5351787805557251,0.3816288113594055,0.13335956633090973,0.6793422698974609,0.022230008617043495
0.3669934570789337,0.07745266705751419,0.5337475538253784,0.7487239837646484,0.7831383943557739,0.2405027151107788,0.4190034866333008,0.0692225769162178
0.5082346796989441,0.29297715425491333,0.4174986481666565,0.6088001728057861,0.4907110929489136,0.10745341330766678,0.6003842353820801,0.0565444752573967
0.37663960456848145,0.12980769574642181,0.29552239179611206,0.4782279431819916,0.76247638463974,0.09050952643156052,0.6967024803161621,0.12378263473510742
0.4022587239742279,0.10583941638469696,0.4935198724269867,0.6987404227256775,0.5758848786354065,0.04325468838214874,0.7674747705459595,0.10096465796232224
0.4507283568382263,0.12994350492954254,0.2605602443218231,0.4326505959033966,0.5450082421302795,0.022114347666502,0.7024570107460022,0.05907360091805458
0.43942028284072876,0.016858236864209175,0.4108433723449707,0.4417968690395355,0.5648072361946106,0.029087262228131294,0.4904463589191437,0.18680687248706818
0.508898138999939,0.25537821650505066,0.502316415309906,0.704235315322876,0.6937678456306458,0.12956205010414124,0.6880776882171631,0.17446808516979218
0.5329883694648743,0.24173687398433685,0.551751434803009,0.580420970916748,0.5570215582847595,0.08648518472909927,0.6031955480575562,0.14067575335502625
0.7778566479682922,0.4171122908592224,0.6074550747871399,0.6505016684532166,0.5751729011535645,0.09846499562263489,0.6269674897193909,0.13128383457660675
0.5936810970306396,0.40288102626800537,0.5676816701889038,0.6966696381568909,0.45810890197753906,0.07524976134300232,0.5139285922050476,0.08416766673326492
0.4494713544845581,0.21120840311050415,0.5130696296691895,0.7637120485305786,0.5134915709495544,0.06534823775291443,0.4300903081893921,0.09151086956262589
0.5786749720573425,0.46545204520225525,0.6418619751930237,0.7174952626228333,0.6787645816802979,0.0782131627202034,0.6444317102432251,0.17636536061763763
0.47722145915031433,0.0,0.45114007592201233,0.03872053697705269,0.6227643489837646,0.05606388300657272,0.5905449986457825,0.14222370088100433
0.44572216272354126,0.0906466543674469,0.4125560522079468,0.6381101012229919,0.5211474299430847,0.09137819707393646,0.49201610684394836,0.16652023792266846
0.6240121722221375,0.11004366725683212,0.5604013204574585,0.5410704612731934,0.5715929269790649,0.021003078669309616,0.661189079284668,0.1892136186361313
0.6890890002250671,0.08775509893894196,0.49902838468551636,0.6320502758026123,0.620197594165802,0.12336891889572144,0.7285649180412292,0.12167265266180038
0.48020273447036743,0.30158731341362,0.7268609404563904,0.6673209071159363,0.5456364750862122,0.15278758108615875,0.1768045425415039,0.07558386772871017
0.4292178452014923,0.32565614581108093,0.47257259488105774,0.6139984130859375,0.5588203072547913,0.04070273041725159,0.7381271123886108,0.08929050713777542
0.5375053286552429,0.3437143862247467,0.4159291982650757,0.47869235277175903,0.6411844491958618,0.10805019736289978,0.6168405413627625,0.05281887203454971
0.5760717391967773,0.4763903319835663,0.5868194699287415,0.7306774258613586,0.6588272452354431,0.07226771116256714,0.5669225454330444,0.10661548376083374
0.42568808794021606,0.022287636995315552,0.6084666848182678,0.7373644113540649,0.41702744364738464,0.05932403728365898,0.591317355632782,0.22139158844947815
0.6168304085731506,0.0,0.5022379159927368,0.5110824704170227,0.7213213443756104,0.13862718641757965,0.7213653326034546,0.1591292917728424
0.6955357193946838,0.005102040711790323,0.49801379442214966,0.6512041091918945,0.5377563834190369,0.12955710291862488,0.4198106825351715,0.03174683079123497
0.574999988079071,0.0029498524963855743,0.7178710699081421,0.8035457730293274,0.6520076394081116,0.027326732873916626,0.9123731851577759,0.14355358481407166
0.423755019903183,0.6290018558502197,0.4991041123867035,0.5429338216781616,0.5077640414237976,0.016837675124406815,0.7412047386169434,0.09173635393381119
0.4479876160621643,0.15762273967266083,0.5860586762428284,0.5906389355659485,0.5870078206062317,0.10050998628139496,0.7359606027603149,0.08511137217283249
0.4579678475856781,0.303474485874176,0.5464842915534973,0.6633206009864807,0.3807542622089386,0.02451333776116371,0.3245406448841095,0.02647578716278076
0.7248756289482117,0.2637362778186798,0.5231049060821533,0.6088289618492126,0.6862660050392151,0.08010965585708618,0.8154088854789734,0.15097449719905853
0.5485265254974365,0.029104476794600487,0.4903351962566376,0.6607044339179993,0.506230354309082,0.13876716792583466,0.8240917921066284,0.15721076726913452
0.5472884178161621,0.021375464275479317,0.7033898234367371,0.7390323877334595,0.6218491196632385,0.09663999825716019,0.8457581400871277,0.16992121934890747
0.4140052795410156,0.3869116008281708,0.4568345248699188,0.5411792397499084,0.4961872100830078,0.14278429746627808,0.6393085718154907,0.22139067947864532
0.5163291692733765,0.3167489469051361,0.6594167947769165,0.4756573736667633,0.5690903663635254,0.021628499031066895,0.723688006401062,0.11970295011997223
0.5722441673278809,0.0,0.407917857170105,0.4995698928833008,0.5622862577438354,0.07765703648328781,0.7541548609733582,0.1341383159160614
0.5629268288612366,0.2952691614627838,0.35320910811424255,0.519216001033783,0.4259296655654907,0.08102380484342575,0.37823769450187683,0.07548494637012482
0.6689607501029968,0.4356005787849426,0.6799922585487366,0.6416115164756775,0.45033857226371765,0.08370926976203918,0.6254344582557678,0.0851760059595108
0.4468643367290497,0.08979591727256775,0.5114504098892212,0.5212479829788208,0.6306354403495789,0.197265625,0.7303043007850647,0.06767171621322632
0.6270303130149841,0.32669714093208313,0.372513085603714,0.477669894695282,0.5082889199256897,0.22219116985797882,0.7357560396194458,0.22377409040927887
0.5870795845985413,0.16424894332885742,0.7351664304733276,0.6712153553962708,0.6372292041778564,0.10409045219421387,0.5260745286941528,0.15930265188217163
0.5766890645027161,0.31279903650283813,0.5748955011367798,0.6948996782302856,0.48425427079200745,0.0722571611404419,0.6051282286643982,0.0997910127043724
0.5003802180290222,0.3097880780696869,0.5590873956680298,0.5563951730728149,0.4409886300563812,0.08110814541578293,0.7467992901802063,0.13772374391555786
0.4762047231197357,0.4375,0.600910484790802,0.6326987743377686,0.39828911423683167,0.0636344701051712,0.40714043378829956,0.12125764042139053
0.4991443157196045,0.1553398072719574,0.6295095086097717,0.6729300022125244,0.2483295053243637,0.04501291364431381,0.4886399507522583,0.01312741357833147
0.49546167254447937,0.057863499969244,0.43063315749168396,0.6156428456306458,0.33413439989089966,0.027027027681469917,0.2147458791732788,0.11968885362148285
0.5443843603134155,0.0,0.40264463424682617,0.2862703502178192,0.5041773319244385,0.04517059028148651,0.703175961971283,0.10006222873926163
0.5751662850379944,0.1916537880897522,0.4582897126674652,0.544748842716217,0.7468081712722778,0.07218576222658157,0.6533197164535522,0.11358561366796494
0.485399454832077,0.0,0.5907660126686096,0.7927408218383789,0.6291471123695374,0.0,0.4922783374786377,0.09041309356689453
0.6528423428535461,0.18213924765586853,0.609367311000824,0.7393081188201904,0.5829324722290039,0.14569535851478577,0.7188203930854797,0.18131229281425476
0.2824755012989044,0.4718356430530548,0.4796779155731201,0.5462731122970581,0.3901249170303345,0.1697600781917572,0.5937432646751404,0.03727991506457329
0.6173589825630188,0.42328041791915894,0.6053290963172913,0.6914674043655396,0.6894235014915466,0.03774752467870712,0.5267367959022522,0.2083354890346527
0.556501567363739,0.577464759349823,0.6718446612358093,0.6668228507041931,0.4756602644920349,0.11592632532119751,0.7423099279403687,0.09496220201253891
0.6438602805137634,0.29346734285354614,0.4279190003871918,0.45346298813819885,0.6524697542190552,0.06464352458715439,0.5186009407043457,0.17704524099826813
0.5237782597541809,0.3128300607204437,0.6588456034660339,0.5251690745353699,0.5083250999450684,0.09322865307331085,0.614797055721283,0.09221064299345016
0.7345433831214905,0.3888261914253235,0.6436867713928223,0.5570103526115417,0.5890490412712097,0.0982070118188858,0.8584304451942444,0.21776288747787476
0.7431791424751282,0.7222222089767456,0.8226103186607361,0.7285906076431274,0.44955819845199585,0.2071942389011383,0.7261359095573425,0.07017732411623001
0.41112181544303894,0.2514970004558563,0.5332156419754028,0.7318446040153503,0.7663130164146423,0.07725660502910614,0.5187726020812988,0.07027169317007065
0.4615384638309479,0.33568075299263,0.5845842957496643,0.5135841369628906,0.5107391476631165,0.12983770668506622,0.7517213821411133,0.09847403317689896
0.35247981548309326,0.040214478969573975,0.3454291820526123,0.34856098890304565,0.6872860193252563,0.12677165865898132,0.7361618876457214,0.15474334359169006
0.4968652129173279,0.2596096992492676,0.5669791102409363,0.7352574467658997,0.5568833947181702,0.037997230887413025,0.8103799223899841,0.1658419966697693
0.5347906947135925,0.35858336091041565,0.27441519498825073,0.5521501302719116,0.5775308609008789,0.04675385728478432,0.7503828406333923,0.09284760802984238
0.4769369959831238,0.02384105883538723,0.4385026693344116,0.5118501782417297,0.6117224097251892,0.015346838161349297,0.6054102778434753,0.1258280873298645
0.5304101705551147,0.6177090406417847,0.5439639687538147,0.755162239074707,0.7648860216140747,0.07194332778453827,0.7959439158439636,0.23164376616477966
0.5724079012870789,0.43647539615631104,0.6115076541900635,0.6767281293869019,0.5763064026832581,0.12228622287511826,0.6278669834136963,0.16721251606941223
0.7686246633529663,0.5663011074066162,0.6489375829696655,0.7706185579299927,0.5839052796363831,0.22557078301906586,0.7769046425819397,0.15294739603996277
0.6356435418128967,0.6672443747520447,0.6188744902610779,0.6575109362602234,0.5136235952377319,0.13377754390239716,0.6675000190734863,0.20270824432373047
0.4760408401489258,0.30625584721565247,0.6498021483421326,0.7848338484764099,0.5130060315132141,0.10296567529439926,0.539374053478241,0.11017022281885147
0.6736798882484436,0.5335186719894409,0.7481693625450134,0.7432525753974915,0.5791033506393433,0.1471526175737381,0.75980544090271,0.2593252658843994
0.5657389760017395,0.0,0.6588628888130188,0.03877103328704834,0.6049665808677673,0.07252215594053268,0.8064342737197876,0.21408584713935852
0.4844020903110504,0.10027472674846649,0.44623520970344543,0.718059778213501,0.5175681710243225,0.1094246357679367,0.6118654012680054,0.16052567958831787
0.6678898930549622,0.2563380300998688,0.5674570798873901,0.5915165543556213,0.5729861259460449,0.07538802921772003,0.699781596660614,0.19079184532165527
0.6771857142448425,0.06341463327407837,0.725899875164032,0.594265878200531,0.6142454147338867,0.10623084753751755,0.7409394979476929,0.17520096898078918
0.6559422016143799,0.3333333432674408,0.7313209772109985,0.6118687987327576,0.5205732583999634,0.09556470066308975,0.2624194025993347,0.13380898535251617
0.4443666934967041,0.3436705768108368,0.4907630383968353,0.6778314113616943,0.5072491765022278,0.05828455090522766,0.7635365724563599,0.0657917782664299
0.5842481851577759,0.4621026813983917,0.4157918691635132,0.47740668058395386,0.628655731678009,0.2129763662815094,0.5515018105506897,0.02073804661631584
0.5630011558532715,0.6723625659942627,0.69770747423172,0.6943402886390686,0.6434708833694458,0.0935949981212616,0.5241590738296509,0.0971442461013794
0.45355191826820374,0.0,0.619569718837738,0.6580095887184143,0.44561490416526794,0.1497209370136261,0.5912538766860962,0.21480540931224823
0.6613512635231018,0.0,0.4589383602142334,0.5882177948951721,0.7337604761123657,0.1920129954814911,0.5518711805343628,0.1668429970741272
0.7110036015510559,0.0717821791768074,0.49685534834861755,0.7401840090751648,0.5511157512664795,0.15497301518917084,0.3719322383403778,0.08516821265220642
0.5969811081886292,0.014652014710009098,0.6688712239265442,0.7961956262588501,0.6919505596160889,0.0736377015709877,0.7423893809318542,0.14200612902641296
0.45012080669403076,0.614664614200592,0.4914032220840454,0.6365535259246826,0.532289981842041,0.056083086878061295,0.6990984082221985,0.09684260189533234
0.5219560861587524,0.26363635063171387,0.49056869745254517,0.6029806733131409,0.5555826425552368,0.13885869085788727,0.6034223437309265,0.0795276015996933
0.43909022212028503,0.3015967011451721,0.5753523111343384,0.6224472522735596,0.37388181686401367,0.051376666873693466,0.38352444767951965,0.02115858718752861
0.7921940684318542,0.4014962613582611,0.5635491609573364,0.6777018308639526,0.6944558024406433,0.13425925374031067,0.8061647415161133,0.2419484406709671
0.571739912033081,0.04835924133658409,0.6199740767478943,0.7498342990875244,0.4844759404659271,0.16014333069324493,0.7666805982589722,0.18272502720355988
0.6117375493049622,0.26107701659202576,0.6466683149337769,0.7492193579673767,0.6614717245101929,0.09930232912302017,0.7940230369567871,0.17689049243927002
0.5001686215400696,0.49414196610450745,0.5317204594612122,0.6015370488166809,0.4693050682544708,0.19598765671253204,0.7164156436920166,0.20577022433280945
0.5697596669197083,0.4834004044532776,0.6802293062210083,0.58399897813797,0.6241372227668762,0.0716279074549675,0.6845985054969788,0.13206499814987183
0.6722028255462646,0.0,0.48293057084083557,0.521077573299408,0.5668703317642212,0.06931886821985245,0.6618714928627014,0.18542560935020447
0.6441959738731384,0.03102625347673893,0.5500878691673279,0.6712462902069092,0.431790292263031,0.09014778584241867,0.31746384501457214,0.09364526718854904
0.7314560413360596,0.3994673788547516,0.585197925567627,0.5591256618499756,0.4094538688659668,0.15695272386074066,0.6277674436569214,0.10929489880800247
0.4271412789821625,0.19092626869678497,0.6091644167900085,0.7032967209815979,0.6612330079078674,0.17803922295570374,0.7763709425926208,0.11129231005907059
0.6914893388748169,0.5546918511390686,0.4042297601699829,0.6166709065437317,0.5374839901924133,0.10003390908241272,0.7722764611244202,0.21596699953079224
0.6119698882102966,0.20000000298023224,0.6840207576751709,0.7154828310012817,0.6927705407142639,0.1118881106376648,0.7086972594261169,0.2519756853580475
0.5439446568489075,0.3843913674354553,0.5003722906112671,0.704293966293335,0.513332188129425,0.11223071813583374,0.7389124631881714,0.09921574592590332
0.481468141078949,0.5477424263954163,0.5037835240364075,0.6684751510620117,0.4499832093715668,0.1159079447388649,0.7553225159645081,0.13594010472297668
0.49424055218696594,0.5211267471313477,0.569261908531189,0.587740957736969,0.3679543733596802,0.13164293766021729,0.5661552548408508,0.14149311184883118
0.46820810437202454,0.3342696726322174,0.5971463322639465,0.6748915314674377,0.22680886089801788,0.05874872952699661,0.4893414080142975,0.02121479995548725
0.5395866632461548,0.05424954742193222,0.5401288866996765,0.6744669079780579,0.35392260551452637,0.03257887437939644,0.2509640157222748,0.15500615537166595
0.5528284907341003,0.0,0.3649045526981354,0.3023167550563812,0.45767274498939514,0.06938421726226807,0.7581937909126282,0.11408919095993042
0.6577928066253662,0.2852233648300171,0.48620328307151794,0.5137864351272583,0.6598536968231201,0.06801974773406982,0.5625571012496948,0.12647350132465363
0.4788643419742584,0.0,0.5234056115150452,0.7108655571937561,0.6838614344596863,0.012770682573318481,0.586107075214386,0.07107139378786087
0.6768635511398315,0.1968805193901062,0.5362349152565002,0.5312427282333374,0.5823568105697632,0.12093766778707504,0.6132110357284546,0.22831229865550995
0.3698541224002838,0.572933554649353,0.46173563599586487,0.5484029650688171,0.43357357382774353,0.08285105228424072,0.6259937882423401,0.036940958350896835
0.6497214436531067,0.3685220777988434,0.5624848008155823,0.7271597385406494,0.6974104642868042,0.009451796300709248,0.40982136130332947,0.14429381489753723
0.6802884340286255,0.5212500095367432,0.6872014999389648,0.6217412948608398,0.41393953561782837,0.0329289436340332,0.7147290110588074,0.11741842329502106
0.6574621796607971,0.2705570161342621,0.42021942138671875,0.4425051212310791,0.6291347146034241,0.09640437364578247,0.5187077522277832,0.18749037384986877
0.5961281657218933,0.325456827878952,0.6932138204574585,0.5883100628852844,0.4856710433959961,0.09935514628887177,0.6810495853424072,0.12217321991920471
0.7455429434776306,0.31704312562942505,0.6560925841331482,0.5756008625030518,0.5923758149147034,0.08511792123317719,0.809603750705719,0.22938749194145203
0.7532699108123779,0.5970923900604248,0.670978307723999,0.7199899554252625,0.4824388921260834,0.137581467628479,0.7253427505493164,0.06235706806182861
0.40425533056259155,0.2808716595172882,0.550561785697937,0.7300275564193726,0.7546727657318115,0.1068616434931755,0.38474828004837036,0.09774624556303024
0.5026919841766357,0.3654946982860565,0.5681248307228088,0.3949340879917145,0.4938269853591919,0.13437500596046448,0.7380092144012451,0.09023412317037582
0.3845600485801697,0.19601328670978546,0.3709264099597931,0.4600694477558136,0.7500080466270447,0.16326530277729034,0.7205122113227844,0.22399017214775085
0.4992232024669647,0.4919540286064148,0.4904260039329529,0.721251368522644,0.6332438588142395,0.03933641314506531,0.7709253430366516,0.1905977874994278
0.57958984375,0.4724637567996979,0.2976696491241455,0.6242897510528564,0.5720714926719666,0.06394289433956146,0.7195367813110352,0.1129811555147171
0.4545236825942993,0.03361344709992409,0.40096813440322876,0.4526871144771576,0.6270822882652283,0.01708880066871643,0.6058554649353027,0.16151031851768494
0.4853801131248474,0.5414527058601379,0.5132800340652466,0.6846081018447876,0.7676801085472107,0.10781863331794739,0.7717795372009277,0.3024827837944031
0.586439311504364,0.42596349120140076,0.7684599161148071,0.5967118144035339,0.546417772769928,0.17619925737380981,0.7250874638557434,0.15854766964912415
0.7729451060295105,0.665799081325531,0.6766524910926819,0.7248504757881165,0.5841491222381592,0.18928802013397217,0.7608401775360107,0.15276622772216797
0.7100802659988403,0.682170569896698,0.6878213882446289,0.7307783365249634,0.489387184381485,0.09161625057458878,0.6515151262283325,0.16778993606567383
0.4260440766811371,0.30998581647872925,0.6283299326896667,0.7879440188407898,0.5002877116203308,0.09567999839782715,0.5994855761528015,0.14799003303050995
0.7806691527366638,0.5908465385437012,0.7124316692352295,0.7158941626548767,0.6551643013954163,0.10277972370386124,0.683089017868042,0.2291693389415741
0.5480444431304932,0.0,0.6757785677909851,0.13314448297023773,0.6337217092514038,0.0741916298866272,0.7562676668167114,0.267784982919693
0.4970943331718445,0.2537313401699066,0.5230293869972229,0.7937533855438232,0.5094241499900818,0.10766246169805527,0.7166999578475952,0.3129275143146515
0.6460326313972473,0.44072166085243225,0.7290098667144775,0.655033528804779,0.5423098802566528,0.06532356888055801,0.7438900470733643,0.24817028641700745
0.6325148344039917,0.29321661591529846,0.8057130575180054,0.4847385287284851,0.6631563901901245,0.15010352432727814,0.6909302473068237,0.16604074835777283
0.6235632300376892,0.406686931848526,0.7784163355827332,0.5915542244911194,0.6600288152694702,0.22683583199977875,0.1891138255596161,0.20883461833000183
0.45959922671318054,0.514441192150116,0.5539159774780273,0.6228716373443604,0.5282673239707947,0.07932891696691513,0.8241281509399414,0.10775832086801529
0.6199309825897217,0.33586955070495605,0.41602465510368347,0.5284493565559387,0.6071179509162903,0.22396114468574524,0.4887319803237915,0.06537562608718872
0.581605851650238,0.34225305914878845,0.7243232727050781,0.718334972858429,0.6464232802391052,0.210573211312294,0.6588060259819031,0.15719947218894958
0.4995911717414856,0.0,0.5247133374214172,0.6254011988639832,0.42267873883247375,0.10437986254692078,0.5817447900772095,0.21183376014232635
0.7320261597633362,0.0,0.575190007686615,0.5640660524368286,0.745289146900177,0.23712651431560516,0.7672439217567444,0.14398719370365143
0.7746114134788513,0.066006600856781,0.5454354882240295,0.6841555237770081,0.4980860650539398,0.11590544134378433,0.5567513108253479,0.05319574475288391
0.5917818546295166,0.12980769574642181,0.6614111065864563,0.840222954750061,0.5903620719909668,0.06645457446575165,0.8107474446296692,0.16536162793636322
0.47935548424720764,0.3844936788082123,0.5378183722496033,0.6452780365943909,0.5069525837898254,0.06118187680840492,0.741409420967102,0.13753993809223175
0.5314885377883911,0.5651438236236572,0.6677988171577454,0.6515266299247742,0.4702099859714508,0.15316230058670044,0.6649441123008728,0.10003662109375
0.487099289894104,0.47560974955558777,0.6158149242401123,0.5694742202758789,0.3684702515602112,0.025911707431077957,0.37939515709877014,0.04864489287137985
0.7606196999549866,0.3672316372394562,0.6303820610046387,0.6917356848716736,0.6606948971748352,0.13667021691799164,0.8314980864524841,0.2858904302120209
0.609199583530426,0.08417771011590958,0.6114130616188049,0.6305285692214966,0.5716121792793274,0.16348548233509064,0.8281962275505066,0.19693878293037415
0.6258261203765869,0.19643564522266388,0.681233286857605,0.7011704444885254,0.6214348077774048,0.07189157605171204,0.8331180214881897,0.20621001720428467
0.5138431191444397,0.4632396996021271,0.507087767124176,0.6026058793067932,0.4706621766090393,0.14837786555290222,0.7087443470954895,0.23311810195446014
0.5714772939682007,0.5244019031524658,0.6480473279953003,0.5917021632194519,0.6563438177108765,0.05095199868083,0.7174908518791199,0.13025076687335968
0.6759675741195679,0.0,0.47643426060676575,0.6001023054122925,0.6363763809204102,0.0729270726442337,0.8218051195144653,0.17260383069515228
0.6584376096725464,0.34951457381248474,0.366538941860199,0.6757546067237854,0.48773103952407837,0.12198548018932343,0.4203110337257385,0.08801460266113281
0.702396810054779,0.6177723407745361,0.6994636654853821,0.7286278009414673,0.5364784598350525,0.16687192022800446,0.4925180971622467,0.14188911020755768
0.4202367663383484,0.38461539149284363,0.6291834115982056,0.6536312699317932,0.6952642798423767,0.3159191608428955,0.7336522936820984,0.14466844499111176
0.6786978244781494,0.6566901206970215,0.4212319850921631,0.4901600778102875,0.5435341596603394,0.3014134168624878,0.7579002380371094,0.23776306211948395
0.6393902897834778,0.3602794408798218,0.7373417615890503,0.7185184955596924,0.737006425857544,0.13439153134822845,0.6562348008155823,0.16727446019649506
0.5974801182746887,0.4520217180252075,0.6251005530357361,0.7063941955566406,0.5225740671157837,0.08362183719873428,0.6668661832809448,0.08702351897954941
0.5674222111701965,0.600671112537384,0.5568714737892151,0.609139621257782,0.5420787930488586,0.10021930187940598,0.726295530796051,0.1354595273733139
0.5547964572906494,0.45610278844833374,0.734721302986145,0.6881316900253296,0.40923580527305603,0.13309091329574585,0.5482226014137268,0.13942307233810425
0.5340909361839294,0.3803088665008545,0.6895143985748291,0.7237265706062317,0.20327714085578918,0.09915164113044739,0.4484928250312805,0.06488070636987686
0.6046059131622314,0.12230215966701508,0.49926525354385376,0.6167328953742981,0.3683270514011383,0.03813280910253525,0.19385236501693726,0.21921922266483307
0.5297564268112183,0.0,0.3935459852218628,0.24815645813941956,0.48911207914352417,0.0457756444811821,0.7178695201873779,0.10976670682430267
0.6051642894744873,0.15519067645072937,0.4919985234737396,0.4973525106906891,0.5952751636505127,0.11506275832653046,0.6338570713996887,0.11117958277463913
0.484464168548584,0.0,0.5269080996513367,0.6595744490623474,0.7163698077201843,0.0,0.7383345365524292,0.13344617187976837
0.7293103337287903,0.4215456545352936,0.6671541333198547,0.6270443797111511,0.5572640299797058,0.1273311823606491,0.5507916808128357,0.27061033248901367
0.2894144058227539,0.8192640542984009,0.37334343791007996,0.6186239719390869,0.4179074466228485,0.15912409126758575,0.6274033188819885,0.08078955113887787
0.6056154370307922,0.4288194477558136,0.5786104202270508,0.6292487978935242,0.702187180519104,0.10329985618591309,0.5647590160369873,0.25413522124290466
0.591733455657959,0.5552855134010315,0.5936670899391174,0.682306170463562,0.467215895652771,0.11654964834451675,0.7734375,0.1354280412197113
0.6607864499092102,0.3529411852359772,0.3951016068458557,0.48355263471603394,0.6595199108123779,0.10863430798053741,0.5325339436531067,0.18070390820503235
0.48575398325920105,0.616849422454834,0.5326957106590271,0.5311965942382812,0.5604790449142456,0.09641341865062714,0.598857581615448,0.13763801753520966
0.7599053978919983,0.4886515438556671,0.7728437185287476,0.557938814163208,0.6726419925689697,0.1400143802165985,0.80722975730896,0.3286929726600647
0.7404718399047852,0.6535245180130005,0.756721019744873,0.7510504126548767,0.43349605798721313,0.23276296257972717,0.6900055408477783,0.059796836227178574
0.4368421137332916,0.4566929042339325,0.6602323651313782,0.5141209363937378,0.7635358572006226,0.15857955813407898,0.5143367052078247,0.1222517341375351
0.5371239185333252,0.3656845688819885,0.5635268092155457,0.4844868779182434,0.5021243691444397,0.18685756623744965,0.6549224257469177,0.10556697100400925
0.4005798399448395,0.1585160195827484,0.385446697473526,0.42883145809173584,0.7944708466529846,0.2262958288192749,0.6631249785423279,0.20205441117286682
0.5272980332374573,0.26134055852890015,0.5631757974624634,0.6972649097442627,0.7335707545280457,0.08182857185602188,0.7928853034973145,0.19444581866264343
0.5492920875549316,0.4637224078178406,0.41161873936653137,0.6198950409889221,0.6268799304962158,0.09356042742729187,0.758871853351593,0.12825515866279602
0.49325981736183167,0.05865102633833885,0.6596217751502991,0.5370833277702332,0.637609601020813,0.026200873777270317,0.5182209014892578,0.2701192796230316
0.5327321290969849,0.3136752247810364,0.6268149614334106,0.7192153930664062,0.7956700325012207,0.12441093474626541,0.8063364624977112,0.2638935446739197
0.6055445671081543,0.5322966575622559,0.6079098582267761,0.7397972345352173,0.6169038414955139,0.209405317902565,0.6477445960044861,0.1712653487920761
0.7510474920272827,0.44175276160240173,0.74806147813797,0.7364341020584106,0.5717207789421082,0.17442993819713593,0.6889971494674683,0.1778796911239624
0.7789653539657593,0.5655070543289185,0.6679073572158813,0.7059669494628906,0.47351714968681335,0.1055125966668129,0.603624165058136,0.1645699143409729
0.4726885259151459,0.33838382363319397,0.8179120421409607,0.8004859685897827,0.5620114207267761,0.11988795548677444,0.5553602576255798,0.14026623964309692
0.766402006149292,0.5495672821998596,0.7118004560470581,0.7322868704795837,0.7136093378067017,0.1203848123550415,0.5680860877037048,0.18842951953411102
0.589859664440155,0.0,0.4254032373428345,0.1021069660782814,0.6617523431777954,0.07873062044382095,0.7198153734207153,0.17788834869861603
0.5142180323600769,0.40380313992500305,0.5490477681159973,0.7464940547943115,0.5775665044784546,0.20669856667518616,0.5913848280906677,0.26343491673469543
0.6955950260162354,0.5,0.657108724117279,0.6269035339355469,0.5673986673355103,0.12126865983009338,0.721781313419342,0.24515613913536072
0.7648499608039856,0.39824944734573364,0.625338077545166,0.568395733833313,0.6992049813270569,0.06179775297641754,0.8410481214523315,0.22230389714241028
0.6614532470703125,0.27531805634498596,0.7605865597724915,0.6810601949691772,0.5333033800125122,0.1847255378961563,0.5586591958999634,0.2109680473804474
0.5262649059295654,0.34372270107269287,0.42848020792007446,0.6436063647270203,0.5561324954032898,0.05030371993780136,0.860022783279419,0.135575532913208
0.6098945736885071,0.29409992694854736,0.35650351643562317,0.5483320951461792,0.6464039087295532,0.11198271811008453,0.6069701313972473,0.134360671043396
0.6183914542198181,0.7283849716186523,0.708776593208313,0.7194100022315979,0.7161890268325806,0.10809214413166046,0.7797943949699402,0.19020400941371918
0.4805993139743805,0.014414414763450623,0.6450355648994446,0.6582120656967163,0.4589795470237732,0.13945886492729187,0.5257684588432312,0.19248142838478088
0.7152810096740723,0.0,0.5048432946205139,0.55207759141922,0.7742838859558105,0.21526338160037994,0.7795789241790771,0.19750815629959106
0.723558783531189,0.0,0.5228376984596252,0.7643342018127441,0.6175525188446045,0.1332070678472519,0.40342089533805847,0.1786138266324997
0.5684089064598083,0.01860465109348297,0.709179162979126,0.8032464385032654,0.7441860437393188,0.1296738237142563,0.8489828705787659,0.17555652558803558
0.51698237657547,0.3585657477378845,0.40529945492744446,0.6431570053100586,0.5350368022918701,0.10732503235340118,0.7745988965034485,0.14988313615322113
0.5353631377220154,0.46132972836494446,0.4879167079925537,0.5650808811187744,0.5351743102073669,0.08274231851100922,0.5881423950195312,0.09851723164319992
0.4625000059604645,0.0,0.5409692525863647,0.6626115441322327,0.42732760310173035,0.06089620664715767,0.4480917155742645,0.014676450751721859
0.7937151789665222,0.0,0.6051954627037048,0.7084686756134033,0.7462307810783386,0.11872237920761108,0.8515864610671997,0.2572861611843109
0.6421431303024292,0.0,0.8175403475761414,0.6116285920143127,0.597771406173706,0.14326545596122742,0.8835679292678833,0.19994251430034637
0.5859752893447876,0.16389133036136627,0.6734088659286499,0.7820402979850769,0.6984198689460754,0.08301886916160583,0.773847222328186,0.23240241408348083
0.5224131941795349,0.543379008769989,0.6616161465644836,0.5972222089767456,0.6631656885147095,0.1112600564956665,0.7088973522186279,0.2971329689025879
0.6482047438621521,0.5749385952949524,0.6244486570358276,0.5814182758331299,0.690496027469635,0.10996418446302414,0.74541175365448,0.1741601824760437
0.715770423412323,0.0,0.44141900539398193,0.5121951103210449,0.6513011455535889,0.044579535722732544,0.8061701059341431,0.2133496254682541
0.6256631016731262,0.27729636430740356,0.4943620264530182,0.654170572757721,0.5146642327308655,0.0946115255355835,0.35602352023124695,0.11500248312950134
0.6380165219306946,0.662609875202179,0.6935310959815979,0.6127208471298218,0.555802583694458,0.1624884009361267,0.547512948513031,0.13817329704761505
0.4508393406867981,0.33834585547447205,0.5611038208007812,0.6134549379348755,0.6768568158149719,0.23199768364429474,0.800108790397644,0.17088168859481812
0.6847256422042847,0.6320939064025879,0.6280303001403809,0.5757256150245667,0.46103569865226746,0.1856265813112259,0.7765094637870789,0.2772362232208252
0.5886669158935547,0.4797047972679138,0.8018262386322021,0.6578947305679321,0.6861886382102966,0.0647590383887291,0.544162929058075,0.22034305334091187
0.5207121968269348,0.4641176462173462,0.5622751116752625,0.709945559501648,0.5836560726165771,0.17473919689655304,0.718028724193573,0.11431708931922913
0.5535426735877991,0.5713407397270203,0.6679069995880127,0.6353259086608887,0.5244362354278564,0.16767318546772003,0.7081624865531921,0.16037079691886902
0.5324211716651917,0.4042207896709442,0.73899906873703,0.6657142639160156,0.4240054190158844,0.18197403848171234,0.4527718424797058,0.14596804976463318
0.5281615257263184,0.6112532019615173,0.6997076272964478,0.7321223020553589,0.23573334515094757,0.13450109958648682,0.48868197202682495,0.056649014353752136
0.5358942151069641,0.02218700386583805,0.4929601848125458,0.6729323267936707,0.3950464129447937,0.03585217893123627,0.3530813753604889,0.1798223853111267
0.6013377904891968,0.0,0.4569062888622284,0.2990451455116272,0.4117622971534729,0.050580184906721115,0.8294783234596252,0.16612647473812103
0.6809902191162109,0.22019867599010468,0.45819398760795593,0.49293163418769836,0.7357220649719238,0.23782138526439667,0.6566585898399353,0.16665808856487274
0.5905752778053284,0.0,0.4681633412837982,0.7157270312309265,0.6432276368141174,0.0,0.6982522010803223,0.13669821619987488
0.7123579382896423,0.2594696879386902,0.5867661237716675,0.650238037109375,0.5855523943901062,0.14759647846221924,0.49880650639533997,0.32459473609924316
0.36417630314826965,0.2911530137062073,0.4706694185733795,0.6366761922836304,0.3718854784965515,0.21885913610458374,0.5463893413543701,0.025120509788393974
0.6102893948554993,0.45679011940956116,0.6092227697372437,0.7278623580932617,0.7139022350311279,0.16068300604820251,0.5268977880477905,0.21001099050045013
0.5551180839538574,0.5844594836235046,0.6989291310310364,0.7571192979812622,0.46692022681236267,0.1420605480670929,0.6669607162475586,0.09172046929597855
0.6655301451683044,0.3210526406764984,0.44376954436302185,0.45819970965385437,0.6698300242424011,0.06541794538497925,0.5662168860435486,0.2138415426015854
0.5337005853652954,0.6208112835884094,0.6550183892250061,0.6946433782577515,0.5478804707527161,0.1508924812078476,0.6122896075248718,0.1265445053577423
0.7556480169296265,0.36876457929611206,0.6656091213226318,0.5892802476882935,0.6228182315826416,0.08084870129823685,0.7432712316513062,0.23467835783958435
0.8391420841217041,0.5541401505470276,0.7031844258308411,0.7914572954177856,0.480497270822525,0.14924296736717224,0.5046760439872742,0.04315659776329994
0.44130080938339233,0.3110599219799042,0.5402166247367859,0.783196210861206,0.7318743467330933,0.2553582489490509,0.5201837420463562,0.1406242996454239
0.5005521774291992,0.5576606392860413,0.34631454944610596,0.5007776021957397,0.49355924129486084,0.21779140830039978,0.6375063061714172,0.13339993357658386
0.3438448905944824,0.30000001192092896,0.21086865663528442,0.4912205636501312,0.7598704099655151,0.3097222149372101,0.6427737474441528,0.23249872028827667
0.5576131939888,0.48082903027534485,0.6963862180709839,0.7907840013504028,0.7211363315582275,0.11004983633756638,0.8065184950828552,0.21347005665302277
0.5860185623168945,0.4633672833442688,0.5722178220748901,0.6086251139640808,0.5929960608482361,0.12780693173408508,0.7541996240615845,0.1274663358926773
0.47131383419036865,0.0458715595304966,0.5947537422180176,0.558539628982544,0.6444489359855652,0.04027504846453667,0.6564151644706726,0.24154874682426453
0.588942289352417,0.6916426420211792,0.7164533734321594,0.7820656299591064,0.7993045449256897,0.21284081041812897,0.8185700178146362,0.31883111596107483
0.6050552725791931,0.2769709527492523,0.8100056052207947,0.7422955632209778,0.5871945023536682,0.18778662383556366,0.7161756753921509,0.23916544020175934
0.7119123339653015,0.6032631993293762,0.7499215006828308,0.7514071464538574,0.571031928062439,0.24601982533931732,0.728683352470398,0.21923504769802094
0.7374732494354248,0.6527590751647949,0.6768598556518555,0.733318030834198,0.4736030399799347,0.09529583156108856,0.6341550350189209,0.14470915496349335
0.5455820560455322,0.3181484341621399,0.7515212893486023,0.7740920186042786,0.5235702395439148,0.1395755261182785,0.5541982054710388,0.11917807906866074
0.7556228637695312,0.5742101669311523,0.7486079335212708,0.7157250046730042,0.7346926927566528,0.17825716733932495,0.6801619529724121,0.2484963834285736
0.6781970858573914,0.0,0.6862302422523499,0.12316176295280457,0.6720116138458252,0.1961030811071396,0.7626253366470337,0.2989254593849182
0.5037037134170532,0.4832826852798462,0.5265458822250366,0.8100163340568542,0.5961995124816895,0.16231343150138855,0.7988815903663635,0.3632798492908478
0.6960625052452087,0.3392156958580017,0.690021812915802,0.6309523582458496,0.5900759100914001,0.16339869797229767,0.7441127896308899,0.24751803278923035
0.7210810780525208,0.078125,0.8348882794380188,0.5003392696380615,0.6349020004272461,0.1543973982334137,0.8231556415557861,0.19944247603416443
0.7043710350990295,0.4296555817127228,0.7557167410850525,0.5349510908126831,0.6760852336883545,0.34229138493537903,0.49605780839920044,0.20904484391212463
0.5290820002555847,0.3954423666000366,0.6403389573097229,0.6366040110588074,0.5729185938835144,0.06560245156288147,0.8268111348152161,0.10443119704723358
0.6859034895896912,0.46591421961784363,0.437333345413208,0.5159634947776794,0.6469606757164001,0.22179189324378967,0.637670636177063,0.08775021880865097
0.6111111044883728,0.692307710647583,0.6702702641487122,0.7697307467460632,0.7344995737075806,0.15820404887199402,0.7898305058479309,0.19695162773132324
0.47412535548210144,0.009813542477786541,0.6808559894561768,0.7575989961624146,0.5316265225410461,0.232677161693573,0.6772498488426208,0.22610574960708618
0.7076382637023926,0.0,0.6698995232582092,0.6295503377914429,0.793379008769989,0.2906590700149536,0.8623494505882263,0.23805487155914307
0.7424042224884033,0.057692307978868484,0.6279726624488831,0.7637225985527039,0.573232114315033,0.18582002818584442,0.6897525191307068,0.1375470757484436
0.5835638046264648,0.2487804889678955,0.7303782105445862,0.7530195713043213,0.6676087975502014,0.1339501142501831,0.8884153366088867,0.14862674474716187
0.47372108697891235,0.7346153855323792,0.5856496691703796,0.6143041849136353,0.5383818745613098,0.10052547603845596,0.7883896231651306,0.1796427071094513
0.5240818858146667,0.2106238454580307,0.6470588445663452,0.6722946763038635,0.5303126573562622,0.1921861469745636,0.7568942308425903,0.10374712944030762
0.49020954966545105,0.5028037428855896,0.6298571825027466,0.6415921449661255,0.5197539925575256,0.06536176055669785,0.48660504817962646,0.007800105959177017
0.7598294615745544,0.44262295961380005,0.699256420135498,0.5246965289115906,0.673754096031189,0.23337918519973755,0.8042379021644592,0.27073943614959717
0.6175915598869324,0.2818371653556824,0.7791369557380676,0.6602715253829956,0.5722373723983765,0.30013105273246765,0.8192834258079529,0.2184714525938034
0.6254304647445679,0.22179238498210907,0.7283950448036194,0.7620944976806641,0.658897876739502,0.13180303573608398,0.8096468448638916,0.220579594373703
0.5256266593933105,0.6795841455459595,0.6687686443328857,0.636069655418396,0.6446291208267212,0.11613517254590988,0.6749943494796753,0.2788635790348053
0.6666666865348816,0.6343154311180115,0.7605196237564087,0.6697474718093872,0.696075439453125,0.11770860850811005,0.7873291969299316,0.21650052070617676
0.7166344523429871,0.0,0.5378978252410889,0.5792362689971924,0.641661524772644,0.09012220054864883,0.8001857995986938,0.3374977707862854
0.6081433296203613,0.17691154778003693,0.5208205580711365,0.5337682366371155,0.5302914381027222,0.1445908397436142,0.511773943901062,0.07174910604953766
0.6032196879386902,0.6909090876579285,0.6962025165557861,0.7118393182754517,0.5662474036216736,0.2374541014432907,0.6414487957954407,0.19215822219848633
0.419597327709198,0.5228070020675659,0.6094807982444763,0.68410724401474,0.7160186767578125,0.19919703900814056,0.6944323182106018,0.09600448608398438
0.6750876903533936,0.711002767086029,0.4720965325832367,0.4827954173088074,0.5534963011741638,0.27627336978912354,0.7350685596466064,0.23332004249095917
0.6559183597564697,0.6339113712310791,0.6872450113296509,0.5251371264457703,0.6765614748001099,0.05313267931342125,0.6073088645935059,0.18501432240009308
0.6185603141784668,0.4326101243495941,0.5816237926483154,0.6664002537727356,0.5494173169136047,0.11363636702299118,0.658855676651001,0.10503263771533966
0.5309144854545593,0.5421903133392334,0.6739447116851807,0.687254011631012,0.564254105091095,0.18227848410606384,0.6354960203170776,0.17305739223957062
0.5829368829727173,0.5033707618713379,0.8125718832015991,0.709985077381134,0.45534810423851013,0.1768762618303299,0.4191800355911255,0.15479496121406555
0.5660377144813538,0.3289986848831177,0.6766960024833679,0.7049798965454102,0.2986581027507782,0.1394331306219101,0.5570238828659058,0.04283929616212845
0.5341534614562988,0.08104196935892105,0.46548643708229065,0.6064844131469727,0.4340084493160248,0.04665045440196991,0.3457227051258087,0.20732827484607697
0.5825088024139404,0.0,0.3469785451889038,0.22825780510902405,0.4647365212440491,0.0692068412899971,0.7022355794906616,0.17839618027210236
0.6919831037521362,0.22993196547031403,0.4976261258125305,0.6399514079093933,0.589260995388031,0.14416638016700745,0.6302750110626221,0.14245375990867615
0.5797687768936157,0.0,0.5842396020889282,0.6982212662696838,0.48014166951179504,0.0,0.6639145016670227,0.15238790214061737
0.7734255194664001,0.44611528515815735,0.6250722408294678,0.6630712747573853,0.6144084930419922,0.17275986075401306,0.6391026377677917,0.2995671033859253
0.3243333399295807,0.5829457640647888,0.4559294879436493,0.6047804355621338,0.4825652241706848,0.19007092714309692,0.6443751454353333,0.039252497255802155
0.6785589456558228,0.5261538624763489,0.5517988801002502,0.6331689357757568,0.7199545502662659,0.1647634655237198,0.5347661375999451,0.199717715382576
0.7013274431228638,0.574704647064209,0.723760187625885,0.6552162766456604,0.5065301060676575,0.16345371305942535,0.8218327760696411,0.16380779445171356
0.7216456532478333,0.5553746223449707,0.44423413276672363,0.5364145636558533,0.682634711265564,0.12508228421211243,0.6012789011001587,0.25680556893348694
0.5670068860054016,0.6419975757598877,0.6748108267784119,0.4957362115383148,0.6002815961837769,0.1829080879688263,0.6786299347877502,0.19769035279750824
0.7229388952255249,0.3738372027873993,0.6212824583053589,0.5948012471199036,0.7148447632789612,0.17872688174247742,0.7893757820129395,0.3462630808353424
0.8452702760696411,0.6582381725311279,0.8041942715644836,0.6737424731254578,0.4623120427131653,0.28391608595848083,0.6724172234535217,0.06593053042888641
0.34963247179985046,0.23714286088943481,0.5988826751708984,0.7934643030166626,0.7500537037849426,0.2851063907146454,0.6264193654060364,0.17034812271595
0.5022830963134766,0.5395095348358154,0.6240577101707458,0.5974596738815308,0.5385071635246277,0.09235074371099472,0.6802985668182373,0.12382812798023224
0.34511056542396545,0.2185792326927185,0.3799999952316284,0.5729572176933289,0.7578095197677612,0.29316961765289307,0.7153709530830383,0.25812697410583496
0.495623916387558,0.5123626589775085,0.6833946108818054,0.7532840967178345,0.7266870141029358,0.1383034735918045,0.8020005822181702,0.2536143660545349
0.5198909044265747,0.5238663554191589,0.6175995469093323,0.718782901763916,0.6135695576667786,0.11522861570119858,0.759433388710022,0.14773276448249817
0.4571496844291687,0.03677510470151901,0.5296969413757324,0.4919724762439728,0.6587287187576294,0.029374605044722557,0.6428110003471375,0.22594651579856873
0.541784942150116,0.5329498052597046,0.7057487368583679,0.7556259036064148,0.8284674882888794,0.16829919815063477,0.833075225353241,0.31711408495903015
0.7017326951026917,0.3771996796131134,0.7269260287284851,0.6816070675849915,0.6009069681167603,0.13294251263141632,0.7358165979385376,0.19003444910049438
0.8056536912918091,0.6624879240989685,0.6487798094749451,0.7706093192100525,0.6125617623329163,0.24062691628932953,0.744156539440155,0.2084856927394867
0.7654321193695068,0.8014059662818909,0.7526665925979614,0.788993239402771,0.5124445557594299,0.1669733226299286,0.5632931590080261,0.2617732286453247
0.46138328313827515,0.3516386151313782,0.7622377872467041,0.7467567324638367,0.5488367080688477,0.1741424798965454,0.5758639574050903,0.13264703750610352
0.7085739374160767,0.571151614189148,0.7408149838447571,0.6922741532325745,0.6666796207427979,0.2154696136713028,0.6483416557312012,0.2653205990791321
0.7029136419296265,0.0,0.7230263352394104,0.1700507551431656,0.6585277318954468,0.0728856772184372,0.8031905293464661,0.23179353773593903
0.5014367699623108,0.4285714328289032,0.5527927875518799,0.6702820062637329,0.565213680267334,0.17742811143398285,0.8014622926712036,0.3985680043697357
0.6635802388191223,0.6291390657424927,0.6064659953117371,0.6838995814323425,0.616303563117981,0.08105022460222244,0.7501106858253479,0.29291898012161255
0.7186588644981384,0.36091548204421997,0.7035313844680786,0.5312702655792236,0.6466689705848694,0.36441799998283386,0.8269243836402893,0.24721603095531464
0.7036478519439697,0.44916343688964844,0.715571939945221,0.6691808700561523,0.579475462436676,0.11413043737411499,0.5722150206565857,0.29410040378570557
0.539090633392334,0.4174630641937256,0.45339497923851013,0.6634773015975952,0.6069594025611877,0.05286343768239021,0.6503362059593201,0.16530397534370422
0.7175430655479431,0.4515398442745209,0.30213385820388794,0.4983721077442169,0.7200132608413696,0.22826087474822998,0.4171958267688751,0.19626276195049286
0.6331979036331177,0.732582688331604,0.7228682041168213,0.7350698709487915,0.755096435546875,0.1770438551902771,0.790353000164032,0.2869737446308136
0.4738348424434662,0.0,0.6575526595115662,0.7646258473396301,0.5354105830192566,0.24283632636070251,0.6392474174499512,0.3145191967487335
